route_id,stop_id,hour_of_night,wait_time_mins,delay_mins,crowd_level,lighting_quality,stop_incident_rate,incident_reports_count,actual_risk_score,risk_label
route_n7,stop_04,23,12.8,6.9,2,2,0.04,0,18,0
route_n9,stop_06,5,9.3,1.1,0,0,0.32,2,77,2
route_n12,stop_07,1,23.2,16.3,1,2,0.09,1,65,2
route_n7,stop_07,0,12.9,2.0,1,2,0.09,0,36,1
route_n1,stop_04,22,12.4,13.4,2,2,0.04,1,17,0
route_n9,stop_09,22,18.4,6.2,1,2,0.07,1,25,0
route_n12,stop_11,21,12.2,1.1,0,1,0.19,1,56,1
route_n1,stop_01,3,30.3,48.0,1,2,0.08,2,85,2
route_n1,stop_04,0,7.5,7.6,2,2,0.04,2,28,0
route_n1,stop_01,1,10.3,1.2,1,2,0.08,1,49,1
route_n1,stop_01,21,15.3,6.4,1,2,0.08,2,28,0
route_n7,stop_04,5,12.6,1.9,2,2,0.04,1,10,0
route_n7,stop_03,2,20.4,25.4,1,2,0.06,0,70,2
route_n7,stop_07,22,21.7,11.1,1,2,0.09,0,28,0
route_n12,stop_07,22,31.9,25.1,1,2,0.09,0,35,1
route_n12,stop_11,22,23.2,4.5,0,1,0.19,2,59,1
route_n12,stop_07,23,17.3,6.3,1,2,0.09,0,35,1
route_n4,stop_04,0,14.9,14.6,2,2,0.04,0,34,0
route_n12,stop_04,23,26.8,1.5,2,2,0.04,0,21,0
route_n7,stop_07,22,23.4,5.1,1,2,0.09,1,31,0
route_n7,stop_07,0,17.6,8.2,1,2,0.09,1,40,1
route_n4,stop_04,21,16.4,0.6,2,2,0.04,0,7,0
route_n4,stop_02,22,12.8,3.5,2,1,0.14,2,35,1
route_n12,stop_07,23,24.6,20.0,1,2,0.09,2,50,1
route_n9,stop_05,23,15.2,20.2,2,2,0.05,0,27,0
route_n4,stop_10,2,11.8,1.6,0,0,0.28,1,96,2
route_n1,stop_01,22,9.6,0.6,1,2,0.08,0,22,0
route_n7,stop_08,0,9.1,3.2,0,1,0.22,1,71,2
route_n1,stop_04,0,17.1,21.6,2,2,0.04,0,33,0
route_n7,stop_03,21,19.6,0.9,1,2,0.06,0,22,0
route_n7,stop_03,0,23.0,13.2,1,2,0.06,0,47,1
route_n4,stop_04,22,13.9,0.7,2,2,0.04,2,13,0
route_n4,stop_04,21,19.4,6.3,2,2,0.04,0,12,0
route_n1,stop_01,4,5.8,2.9,1,2,0.08,1,46,1
route_n7,stop_08,5,19.9,10.1,0,1,0.22,2,62,1
route_n1,stop_02,2,13.3,4.2,2,1,0.14,2,57,1
route_n9,stop_12,23,15.5,10.6,1,2,0.06,0,41,1
route_n1,stop_05,21,8.1,1.7,2,2,0.05,0,5,0
route_n12,stop_04,1,19.3,19.5,2,2,0.04,0,44,1
route_n1,stop_01,23,21.1,21.5,1,2,0.08,0,34,0
route_n12,stop_11,21,17.8,0.9,0,1,0.19,1,52,1
route_n12,stop_11,0,33.2,20.9,0,1,0.19,2,84,2
route_n12,stop_11,21,21.9,5.9,0,1,0.19,0,60,1
route_n9,stop_12,4,13.0,0.9,1,2,0.06,0,49,1
route_n1,stop_01,22,13.2,3.6,1,2,0.08,0,18,0
route_n1,stop_09,1,11.5,2.7,1,2,0.07,0,52,1
route_n9,stop_06,23,14.7,12.5,0,0,0.32,0,89,2
route_n7,stop_04,0,21.1,14.8,2,2,0.04,2,35,1
route_n4,stop_10,0,16.1,1.2,0,0,0.28,2,85,2
route_n1,stop_01,22,9.7,4.6,1,2,0.08,0,17,0
route_n4,stop_10,5,15.1,11.0,0,0,0.28,3,82,2
route_n9,stop_09,2,23.6,42.9,1,2,0.07,2,79,2
route_n7,stop_03,4,23.1,4.7,1,2,0.06,0,52,1
route_n7,stop_07,3,27.6,46.8,1,2,0.09,0,82,2
route_n7,stop_08,0,20.4,8.0,0,1,0.22,1,75,2
route_n9,stop_06,4,11.2,3.3,0,0,0.32,4,96,2
route_n12,stop_11,21,21.2,12.3,0,1,0.19,1,63,1
route_n12,stop_04,22,23.0,4.4,2,2,0.04,0,5,0
route_n4,stop_10,21,8.5,4.2,0,0,0.28,0,66,2
route_n12,stop_11,23,22.5,7.0,0,1,0.19,2,73,2
route_n12,stop_07,23,30.7,19.5,1,2,0.09,1,48,1
route_n7,stop_03,22,24.6,11.6,1,2,0.06,0,22,0
route_n7,stop_04,2,13.3,8.1,2,2,0.04,0,39,1
route_n4,stop_02,23,18.4,4.2,2,1,0.14,1,38,1
route_n1,stop_09,22,12.2,4.4,1,2,0.07,2,29,0
route_n4,stop_10,0,20.1,8.8,0,0,0.28,3,96,2
route_n4,stop_04,22,12.5,1.8,2,2,0.04,0,5,0
route_n9,stop_06,2,21.1,24.6,0,0,0.32,1,96,2
route_n9,stop_05,21,17.0,4.3,2,2,0.05,0,5,0
route_n4,stop_02,5,17.8,2.6,2,1,0.14,1,29,0
route_n4,stop_07,2,12.1,1.8,1,2,0.09,0,51,1
route_n4,stop_02,22,10.0,1.8,2,1,0.14,2,33,0
route_n12,stop_11,21,23.8,19.4,0,1,0.19,1,66,2
route_n9,stop_12,2,11.9,5.7,1,2,0.06,0,53,1
route_n4,stop_07,1,10.6,2.9,1,2,0.09,0,58,1
route_n7,stop_04,1,15.4,9.6,2,2,0.04,0,45,1
route_n7,stop_08,2,22.7,5.7,0,1,0.22,5,96,2
route_n12,stop_04,21,10.3,0.2,2,2,0.04,0,5,0
route_n12,stop_07,23,22.8,4.1,1,2,0.09,0,35,1
route_n1,stop_09,21,8.1,5.1,1,2,0.07,1,20,0
route_n1,stop_04,3,12.6,12.5,2,2,0.04,0,42,1
route_n1,stop_04,0,6.9,4.6,2,2,0.04,1,18,0
route_n12,stop_04,23,16.3,6.2,2,2,0.04,0,22,0
route_n12,stop_04,21,31.6,21.9,2,2,0.04,0,24,0
route_n12,stop_07,23,26.9,4.9,1,2,0.09,0,38,1
route_n7,stop_07,23,12.1,3.1,1,2,0.09,0,30,0
route_n12,stop_04,1,19.1,4.4,2,2,0.04,1,45,1
route_n7,stop_08,0,17.1,6.4,0,1,0.22,1,65,2
route_n1,stop_09,3,21.2,22.2,1,2,0.07,1,63,1
route_n1,stop_02,23,12.3,2.4,2,1,0.14,0,37,1
route_n1,stop_05,21,12.3,8.0,2,2,0.05,0,10,0
route_n4,stop_10,1,14.2,0.3,0,0,0.28,3,96,2
route_n4,stop_02,2,19.6,8.5,2,1,0.14,0,61,1
route_n9,stop_12,0,11.7,15.6,1,2,0.06,0,38,1
route_n9,stop_09,2,12.4,6.5,1,2,0.07,0,49,1
route_n9,stop_05,0,18.6,8.6,2,2,0.05,0,23,0
route_n4,stop_04,0,15.8,2.4,2,2,0.04,1,21,0
route_n4,stop_10,23,18.2,14.1,0,0,0.28,6,96,2
route_n9,stop_12,21,11.2,0.3,1,2,0.06,0,15,0
route_n9,stop_09,21,14.1,12.4,1,2,0.07,1,32,0
route_n12,stop_11,21,18.9,1.4,0,1,0.19,2,59,1
route_n9,stop_12,0,21.1,21.6,1,2,0.06,1,46,1
route_n12,stop_11,23,18.3,4.5,0,1,0.19,1,72,2
route_n7,stop_07,0,23.5,13.3,1,2,0.09,1,43,1
route_n4,stop_07,4,17.3,2.5,1,2,0.09,0,53,1
route_n9,stop_06,22,13.2,15.4,0,0,0.32,1,82,2
route_n4,stop_04,23,12.0,1.4,2,2,0.04,0,16,0
route_n4,stop_04,1,12.1,3.1,2,2,0.04,0,37,1
route_n4,stop_07,22,16.0,4.4,1,2,0.09,1,28,0
route_n7,stop_07,21,11.5,0.6,1,2,0.09,0,23,0
route_n1,stop_01,22,10.8,1.4,1,2,0.08,1,26,0
route_n9,stop_09,22,22.4,18.7,1,2,0.07,0,32,0
route_n1,stop_02,4,18.0,24.4,2,1,0.14,2,69,2
route_n1,stop_05,2,15.7,7.4,2,2,0.05,1,51,1
route_n1,stop_05,0,24.1,26.7,2,2,0.05,0,30,0
route_n4,stop_07,3,12.2,12.3,1,2,0.09,0,58,1
route_n12,stop_04,2,15.2,4.9,2,2,0.04,0,38,1
route_n4,stop_02,22,20.6,7.9,2,1,0.14,0,25,0
route_n4,stop_04,3,24.2,16.8,2,2,0.04,0,45,1
route_n1,stop_01,0,24.2,47.0,1,2,0.08,1,62,1
route_n4,stop_02,2,8.1,4.8,2,1,0.14,1,62,1
route_n1,stop_02,3,12.9,17.4,2,1,0.14,1,62,1
route_n12,stop_11,23,27.2,0.6,0,1,0.19,1,69,2
route_n9,stop_12,21,7.7,0.8,1,2,0.06,0,9,0
route_n1,stop_02,22,9.0,0.0,2,1,0.14,0,29,0
route_n12,stop_11,23,43.5,48.0,0,1,0.19,2,96,2
route_n9,stop_05,2,15.7,25.3,2,2,0.05,0,49,1
route_n7,stop_03,3,26.2,24.1,1,2,0.06,1,66,2
route_n1,stop_02,21,8.8,4.6,2,1,0.14,0,25,0
route_n1,stop_04,0,13.7,3.7,2,2,0.04,0,23,0
route_n7,stop_04,23,12.4,1.7,2,2,0.04,1,28,0
route_n7,stop_03,22,18.7,2.2,1,2,0.06,0,21,0
route_n1,stop_05,21,11.8,3.1,2,2,0.05,0,9,0
route_n7,stop_08,23,16.7,14.7,0,1,0.22,0,74,2
route_n4,stop_02,4,8.4,5.0,2,1,0.14,1,61,1
route_n9,stop_09,23,10.1,0.8,1,2,0.07,1,33,0
route_n9,stop_05,0,8.6,0.2,2,2,0.05,0,21,0
route_n9,stop_09,1,14.8,1.7,1,2,0.07,0,52,1
route_n4,stop_10,23,17.8,5.5,0,0,0.28,1,92,2
route_n7,stop_03,5,21.4,17.6,1,2,0.06,0,27,0
route_n12,stop_07,5,22.6,6.6,1,2,0.09,0,25,0
route_n7,stop_03,22,20.8,10.5,1,2,0.06,1,30,0
route_n1,stop_01,0,14.5,6.5,1,2,0.08,0,31,0
route_n9,stop_12,23,11.9,4.7,1,2,0.06,0,39,1
route_n7,stop_03,22,11.9,0.7,1,2,0.06,1,21,0
route_n12,stop_04,21,19.2,13.6,2,2,0.04,0,15,0
route_n1,stop_05,0,15.7,15.9,2,2,0.05,2,32,0
route_n4,stop_07,0,12.1,1.9,1,2,0.09,1,32,0
route_n4,stop_07,21,13.2,4.7,1,2,0.09,0,20,0
route_n12,stop_11,22,12.4,4.3,0,1,0.19,1,56,1
route_n1,stop_01,4,13.5,6.4,1,2,0.08,0,53,1
route_n9,stop_09,22,15.3,19.0,1,2,0.07,0,29,0
route_n7,stop_04,22,12.7,5.6,2,2,0.04,0,9,0
route_n1,stop_05,0,11.5,8.1,2,2,0.05,0,21,0
route_n4,stop_07,5,8.9,0.3,1,2,0.09,2,27,0
route_n12,stop_07,22,19.7,0.4,1,2,0.09,0,26,0
route_n12,stop_11,1,17.0,3.2,0,1,0.19,1,87,2
route_n7,stop_07,2,14.4,0.5,1,2,0.09,0,52,1
route_n12,stop_04,22,22.2,8.8,2,2,0.04,0,13,0
route_n12,stop_11,1,20.7,20.0,0,1,0.19,1,89,2
route_n1,stop_04,23,6.5,1.5,2,2,0.04,0,13,0
route_n9,stop_12,0,22.4,18.8,1,2,0.06,0,44,1
route_n7,stop_04,0,14.7,1.7,2,2,0.04,0,19,0
route_n1,stop_05,0,9.7,3.7,2,2,0.05,0,21,0
route_n9,stop_12,21,6.5,1.9,1,2,0.06,1,27,0
route_n1,stop_05,2,11.9,7.3,2,2,0.05,0,40,1
route_n1,stop_04,23,10.7,3.1,2,2,0.04,0,23,0
route_n12,stop_07,22,20.8,4.4,1,2,0.09,1,27,0
route_n9,stop_06,21,14.4,3.4,0,0,0.32,3,79,2
route_n7,stop_03,0,28.1,44.8,1,2,0.06,0,58,1
route_n7,stop_07,1,11.6,0.9,1,2,0.09,1,49,1
route_n9,stop_06,21,14.6,1.0,0,0,0.32,2,83,2
route_n12,stop_11,0,26.3,0.6,0,1,0.19,0,69,2
route_n4,stop_07,22,10.2,6.4,1,2,0.09,0,24,0
route_n1,stop_02,1,9.3,0.9,2,1,0.14,1,60,1
route_n12,stop_07,22,17.6,11.8,1,2,0.09,1,23,0
route_n9,stop_12,1,10.5,11.2,1,2,0.06,0,54,1
route_n1,stop_01,23,10.5,7.8,1,2,0.08,0,31,0
route_n7,stop_04,4,11.8,5.4,2,2,0.04,0,36,1
route_n4,stop_10,21,15.0,1.2,0,0,0.28,0,68,2
route_n7,stop_04,23,16.4,2.3,2,2,0.04,0,22,0
route_n9,stop_09,21,8.0,2.5,1,2,0.07,0,19,0
route_n1,stop_09,4,6.9,5.9,1,2,0.07,1,57,1
route_n9,stop_05,3,15.6,3.7,2,2,0.05,0,35,1
route_n1,stop_01,22,6.4,0.8,1,2,0.08,0,20,0
route_n12,stop_11,1,39.1,48.0,0,1,0.19,0,96,2
route_n4,stop_02,2,10.2,0.3,2,1,0.14,1,50,1
route_n12,stop_07,0,26.3,16.9,1,2,0.09,3,52,1
route_n12,stop_11,0,21.1,16.1,0,1,0.19,1,76,2
route_n9,stop_05,22,7.3,2.3,2,2,0.05,1,13,0
route_n4,stop_07,21,9.0,0.9,1,2,0.09,0,20,0
route_n1,stop_04,3,7.2,2.5,2,2,0.04,0,30,0
route_n1,stop_02,4,11.5,7.8,2,1,0.14,0,56,1
route_n7,stop_08,0,21.7,10.7,0,1,0.22,2,86,2
route_n1,stop_04,23,13.2,15.9,2,2,0.04,0,27,0
route_n9,stop_09,23,17.1,28.8,1,2,0.07,1,50,1
route_n12,stop_07,1,25.7,18.4,1,2,0.09,1,66,2
route_n12,stop_04,3,20.9,2.6,2,2,0.04,1,43,1
route_n12,stop_07,3,28.1,4.4,1,2,0.09,0,53,1
route_n4,stop_07,2,24.6,28.8,1,2,0.09,0,68,2
route_n1,stop_02,1,10.2,3.7,2,1,0.14,0,52,1
route_n9,stop_12,21,11.8,0.5,1,2,0.06,0,20,0
route_n4,stop_02,22,20.3,7.9,2,1,0.14,1,34,0
route_n7,stop_04,3,23.1,8.0,2,2,0.04,0,42,1
route_n9,stop_12,0,19.4,26.3,1,2,0.06,0,43,1
route_n9,stop_09,21,10.7,6.8,1,2,0.07,0,18,0
route_n9,stop_05,21,8.5,0.6,2,2,0.05,1,11,0
route_n12,stop_11,1,36.5,46.1,0,1,0.19,2,96,2
route_n9,stop_12,21,14.2,1.9,1,2,0.06,0,20,0
route_n1,stop_04,22,10.1,2.7,2,2,0.04,1,8,0
route_n9,stop_12,0,8.3,5.4,1,2,0.06,0,36,1
route_n12,stop_07,1,22.3,0.8,1,2,0.09,0,49,1
route_n9,stop_09,1,18.4,10.7,1,2,0.07,0,54,1
route_n7,stop_03,22,12.2,0.9,1,2,0.06,1,24,0
route_n7,stop_07,1,20.7,8.0,1,2,0.09,0,58,1
route_n12,stop_04,22,17.8,2.8,2,2,0.04,1,9,0
route_n1,stop_01,23,18.7,15.4,1,2,0.08,0,48,1
route_n1,stop_09,1,22.3,25.4,1,2,0.07,1,67,2
route_n4,stop_07,1,13.3,2.6,1,2,0.09,1,49,1
route_n12,stop_07,3,24.3,7.1,1,2,0.09,0,56,1
route_n9,stop_12,1,17.9,7.3,1,2,0.06,1,54,1
route_n12,stop_11,0,18.6,1.7,0,1,0.19,2,73,2
route_n4,stop_07,21,13.9,10.4,1,2,0.09,1,28,0
route_n12,stop_11,23,27.7,12.8,0,1,0.19,2,80,2
route_n12,stop_07,22,13.5,1.4,1,2,0.09,0,17,0
route_n4,stop_02,22,11.9,3.0,2,1,0.14,1,32,0
route_n1,stop_04,5,12.6,0.7,2,2,0.04,0,5,0
route_n9,stop_06,23,17.3,10.3,0,0,0.32,1,89,2
route_n4,stop_07,3,11.6,2.0,1,2,0.09,1,54,1
route_n7,stop_08,0,28.4,44.3,0,1,0.22,1,96,2
route_n1,stop_05,2,17.2,23.7,2,2,0.05,0,46,1
route_n7,stop_03,0,13.8,5.1,1,2,0.06,0,36,1
route_n1,stop_01,0,9.7,9.0,1,2,0.08,2,46,1
route_n9,stop_09,0,23.5,25.2,1,2,0.07,0,50,1
route_n9,stop_09,22,10.2,5.2,1,2,0.07,0,19,0
route_n12,stop_07,1,18.4,3.0,1,2,0.09,1,51,1
route_n7,stop_07,22,14.5,3.1,1,2,0.09,1,17,0
route_n1,stop_01,21,18.1,12.0,1,2,0.08,1,29,0
route_n9,stop_05,1,16.1,16.1,2,2,0.05,0,48,1
route_n4,stop_07,22,9.7,6.8,1,2,0.09,0,18,0
route_n9,stop_12,4,11.6,13.1,1,2,0.06,0,56,1
route_n4,stop_02,5,18.9,14.6,2,1,0.14,1,33,0
route_n1,stop_01,4,16.5,16.4,1,2,0.08,0,57,1
route_n9,stop_09,23,10.3,1.0,1,2,0.07,1,37,1
route_n9,stop_09,21,12.1,5.1,1,2,0.07,0,19,0
route_n1,stop_01,4,8.5,8.8,1,2,0.08,0,52,1
route_n9,stop_09,23,16.9,14.7,1,2,0.07,0,38,1
route_n4,stop_10,5,14.5,6.1,0,0,0.28,1,77,2
route_n9,stop_06,5,7.5,1.2,0,0,0.32,1,73,2
route_n7,stop_08,3,19.0,24.9,0,1,0.22,0,95,2
route_n12,stop_11,22,14.5,8.3,0,1,0.19,1,63,1
route_n4,stop_10,23,7.6,0.9,0,0,0.28,3,93,2
route_n7,stop_03,3,20.5,9.7,1,2,0.06,1,55,1
route_n1,stop_04,23,7.1,2.0,2,2,0.04,1,21,0
route_n4,stop_10,22,10.1,2.7,0,0,0.28,2,75,2
route_n12,stop_07,0,12.2,0.2,1,2,0.09,1,36,1
route_n12,stop_11,4,27.6,3.3,0,1,0.19,1,96,2
route_n1,stop_09,1,17.2,12.5,1,2,0.07,0,56,1
route_n1,stop_09,0,10.6,10.1,1,2,0.07,1,32,0
route_n4,stop_07,21,12.8,7.1,1,2,0.09,1,25,0
route_n9,stop_09,0,15.2,18.8,1,2,0.07,0,35,1
route_n1,stop_01,5,9.6,1.6,1,2,0.08,3,28,0
route_n9,stop_12,22,5.9,0.8,1,2,0.06,0,10,0
route_n7,stop_08,0,25.5,19.8,0,1,0.22,0,74,2
route_n12,stop_11,3,19.5,2.7,0,1,0.19,1,80,2
route_n9,stop_05,1,34.3,48.0,2,2,0.05,2,73,2
route_n12,stop_07,1,23.5,28.8,1,2,0.09,0,66,2
route_n9,stop_05,1,18.4,10.8,2,2,0.05,1,46,1
route_n7,stop_04,23,36.0,41.5,2,2,0.04,0,45,1
route_n1,stop_02,22,5.9,0.7,2,1,0.14,0,17,0
route_n7,stop_03,2,15.7,5.6,1,2,0.06,0,52,1
route_n1,stop_04,2,12.4,15.9,2,2,0.04,1,52,1
route_n1,stop_02,3,9.5,6.7,2,1,0.14,0,56,1
route_n12,stop_11,4,20.6,17.1,0,1,0.19,0,88,2
route_n7,stop_08,0,16.1,0.7,0,1,0.22,2,67,2
route_n9,stop_09,0,13.2,8.3,1,2,0.07,0,32,0
route_n7,stop_03,2,27.3,13.9,1,2,0.06,0,59,1
route_n12,stop_07,1,17.9,16.5,1,2,0.09,0,62,1
route_n1,stop_09,1,15.1,4.6,1,2,0.07,1,55,1
route_n12,stop_04,2,16.0,7.1,2,2,0.04,0,41,1
route_n4,stop_04,3,26.9,29.0,2,2,0.04,0,55,1
route_n4,stop_10,23,11.0,2.3,0,0,0.28,1,87,2
route_n9,stop_12,23,14.2,18.2,1,2,0.06,0,38,1
route_n12,stop_04,21,26.6,5.4,2,2,0.04,0,12,0
route_n9,stop_12,0,14.7,14.9,1,2,0.06,1,39,1
route_n9,stop_12,21,15.8,8.1,1,2,0.06,1,26,0
route_n4,stop_04,23,13.8,2.4,2,2,0.04,0,20,0
route_n9,stop_12,0,14.0,8.7,1,2,0.06,1,45,1
route_n4,stop_02,22,17.2,13.1,2,1,0.14,2,34,0
route_n1,stop_09,0,13.5,5.9,1,2,0.07,0,36,1
route_n12,stop_04,21,19.4,22.1,2,2,0.04,0,23,0
route_n9,stop_05,21,14.2,3.9,2,2,0.05,0,10,0
route_n4,stop_04,2,17.7,2.4,2,2,0.04,0,39,1
route_n7,stop_03,23,10.4,5.1,1,2,0.06,0,35,1
route_n9,stop_12,21,14.8,19.7,1,2,0.06,0,33,0
route_n1,stop_01,0,12.5,4.0,1,2,0.08,1,33,0
route_n1,stop_09,2,21.1,31.6,1,2,0.07,1,64,1
route_n7,stop_04,22,19.1,13.8,2,2,0.04,0,14,0
route_n4,stop_04,0,9.4,4.5,2,2,0.04,1,15,0
route_n9,stop_05,21,11.1,0.6,2,2,0.05,0,10,0
route_n4,stop_07,21,10.9,8.4,1,2,0.09,0,27,0
route_n1,stop_09,0,10.3,3.9,1,2,0.07,0,31,0
route_n4,stop_07,0,21.5,15.9,1,2,0.09,0,41,1
route_n1,stop_09,0,9.3,6.1,1,2,0.07,1,37,1
route_n4,stop_02,1,15.9,10.4,2,1,0.14,2,66,2
route_n7,stop_04,5,26.3,9.8,2,2,0.04,0,14,0
route_n12,stop_07,0,23.4,5.0,1,2,0.09,2,46,1
route_n7,stop_08,23,22.6,6.1,0,1,0.22,1,72,2
route_n7,stop_03,2,16.7,7.4,1,2,0.06,0,55,1
route_n12,stop_07,22,24.0,3.0,1,2,0.09,1,29,0
route_n12,stop_07,23,12.8,7.8,1,2,0.09,0,34,0
route_n9,stop_06,21,11.0,10.8,0,0,0.32,3,90,2
route_n9,stop_06,21,8.8,2.9,0,0,0.32,3,76,2
route_n7,stop_04,5,15.4,4.8,2,2,0.04,0,8,0
route_n7,stop_07,2,27.1,17.3,1,2,0.09,0,64,1
route_n1,stop_09,1,9.6,4.9,1,2,0.07,0,46,1
route_n1,stop_05,23,11.8,3.4,2,2,0.05,1,24,0
route_n9,stop_06,22,20.1,17.6,0,0,0.32,4,96,2
route_n9,stop_06,22,15.1,8.4,0,0,0.32,1,75,2
route_n1,stop_09,22,10.0,5.6,1,2,0.07,0,20,0
route_n1,stop_04,0,14.1,10.9,2,2,0.04,1,27,0
route_n4,stop_02,1,10.3,0.5,2,1,0.14,1,54,1
route_n4,stop_10,1,13.0,15.0,0,0,0.28,2,96,2
route_n1,stop_02,22,15.3,4.6,2,1,0.14,1,27,0
route_n4,stop_04,5,9.6,5.1,2,2,0.04,0,10,0
route_n12,stop_04,1,13.1,6.9,2,2,0.04,0,36,1
route_n9,stop_09,0,15.2,0.9,1,2,0.07,0,28,0
route_n9,stop_06,0,9.5,2.2,0,0,0.32,3,94,2
route_n1,stop_02,23,22.9,31.3,2,1,0.14,2,64,1
route_n7,stop_03,22,13.8,3.4,1,2,0.06,0,23,0
route_n1,stop_02,23,10.6,6.5,2,1,0.14,2,52,1
route_n4,stop_10,1,9.5,0.8,0,0,0.28,0,96,2
route_n7,stop_07,21,12.7,0.2,1,2,0.09,1,24,0
route_n4,stop_07,21,14.2,8.2,1,2,0.09,0,22,0
route_n12,stop_07,21,24.0,5.0,1,2,0.09,1,30,0
route_n4,stop_04,21,14.0,4.6,2,2,0.04,1,10,0
route_n12,stop_07,3,27.7,4.3,1,2,0.09,0,57,1
route_n12,stop_04,1,18.3,21.3,2,2,0.04,0,42,1
route_n4,stop_07,23,12.8,1.9,1,2,0.09,0,41,1
route_n4,stop_02,21,13.6,1.4,2,1,0.14,1,31,0
route_n12,stop_04,0,28.1,6.4,2,2,0.04,0,19,0
route_n7,stop_07,23,9.6,3.5,1,2,0.09,0,31,0
route_n12,stop_11,22,20.0,1.8,0,1,0.19,0,55,1
route_n9,stop_06,23,18.9,10.8,0,0,0.32,1,96,2
route_n12,stop_04,23,17.7,10.9,2,2,0.04,0,20,0
route_n7,stop_08,0,27.9,18.1,0,1,0.22,3,90,2
route_n9,stop_06,0,7.8,5.6,0,0,0.32,3,88,2
route_n1,stop_09,21,11.3,0.5,1,2,0.07,1,21,0
route_n1,stop_02,23,14.2,3.3,2,1,0.14,0,42,1
route_n7,stop_07,0,33.6,40.7,1,2,0.09,1,60,1
route_n12,stop_07,0,20.7,9.4,1,2,0.09,0,34,0
route_n4,stop_02,3,14.3,19.3,2,1,0.14,1,67,2
route_n7,stop_03,1,21.3,0.1,1,2,0.06,0,47,1
route_n9,stop_12,22,12.4,4.7,1,2,0.06,1,26,0
route_n9,stop_05,21,5.8,0.2,2,2,0.05,0,5,0
route_n1,stop_02,1,15.9,13.1,2,1,0.14,0,57,1
route_n9,stop_09,21,17.2,16.5,1,2,0.07,0,21,0
route_n7,stop_07,0,23.7,35.9,1,2,0.09,1,58,1
route_n9,stop_05,4,9.8,5.1,2,2,0.05,2,43,1
route_n7,stop_03,0,11.0,6.4,1,2,0.06,0,29,0
route_n4,stop_04,23,25.0,30.2,2,2,0.04,1,41,1
route_n1,stop_01,1,17.1,17.5,1,2,0.08,0,61,1
route_n9,stop_05,23,11.1,0.7,2,2,0.05,0,17,0
route_n7,stop_03,0,22.4,6.5,1,2,0.06,0,37,1
route_n12,stop_04,4,25.2,1.8,2,2,0.04,1,42,1
route_n1,stop_01,23,12.7,6.6,1,2,0.08,0,31,0
route_n4,stop_02,5,7.8,4.0,2,1,0.14,1,35,1
route_n7,stop_08,4,20.2,5.7,0,1,0.22,1,87,2
route_n4,stop_10,22,12.2,2.9,0,0,0.28,0,71,2
route_n4,stop_10,21,13.3,1.2,0,0,0.28,1,75,2
route_n9,stop_06,21,14.3,4.6,0,0,0.32,2,79,2
route_n9,stop_05,21,13.8,11.5,2,2,0.05,0,14,0
route_n7,stop_03,21,24.1,7.1,1,2,0.06,0,25,0
route_n12,stop_11,1,14.0,6.4,0,1,0.19,0,77,2
route_n7,stop_03,21,24.7,17.8,1,2,0.06,1,32,0
route_n12,stop_04,23,19.2,25.3,2,2,0.04,0,30,0
route_n4,stop_10,3,18.6,3.7,0,0,0.28,5,96,2
route_n1,stop_02,21,5.6,0.3,2,1,0.14,0,17,0
route_n7,stop_07,2,17.4,21.1,1,2,0.09,1,68,2
route_n7,stop_03,22,17.1,11.4,1,2,0.06,0,31,0
route_n12,stop_07,21,24.6,22.3,1,2,0.09,0,37,1
route_n4,stop_04,1,22.3,34.4,2,2,0.04,2,66,2
route_n4,stop_10,0,16.8,9.5,0,0,0.28,2,92,2
route_n12,stop_07,3,21.7,11.8,1,2,0.09,0,54,1
route_n4,stop_07,1,6.6,0.4,1,2,0.09,0,44,1
route_n9,stop_05,2,10.6,4.4,2,2,0.05,0,38,1
route_n1,stop_02,22,13.4,4.0,2,1,0.14,1,30,0
route_n7,stop_08,22,20.4,6.4,0,1,0.22,1,60,1
route_n1,stop_01,1,16.1,12.7,1,2,0.08,0,60,1
route_n7,stop_07,2,26.5,21.2,1,2,0.09,1,67,2
route_n9,stop_12,5,9.6,2.1,1,2,0.06,2,22,0
route_n4,stop_04,23,10.7,8.7,2,2,0.04,0,19,0
route_n12,stop_07,23,14.3,1.0,1,2,0.09,2,42,1
route_n9,stop_06,2,17.7,8.3,0,0,0.32,3,96,2
route_n1,stop_01,23,19.1,14.4,1,2,0.08,1,46,1
route_n12,stop_04,4,21.0,7.7,2,2,0.04,0,46,1
route_n4,stop_07,3,25.3,48.0,1,2,0.09,0,82,2
route_n9,stop_09,23,8.3,3.4,1,2,0.07,0,33,0
route_n12,stop_04,1,19.1,10.8,2,2,0.04,0,38,1
route_n9,stop_05,1,14.1,6.2,2,2,0.05,1,37,1
route_n9,stop_06,21,7.7,3.8,0,0,0.32,1,72,2
route_n4,stop_07,4,22.4,12.6,1,2,0.09,1,63,1
route_n7,stop_04,0,17.8,12.0,2,2,0.04,0,32,0
route_n12,stop_11,2,38.8,33.4,0,1,0.19,0,96,2
route_n4,stop_04,23,16.3,2.4,2,2,0.04,0,24,0
route_n9,stop_09,3,26.4,32.2,1,2,0.07,0,66,2
route_n4,stop_04,23,13.5,0.6,2,2,0.04,0,20,0
route_n7,stop_04,21,22.6,14.3,2,2,0.04,1,21,0
route_n12,stop_07,4,21.5,2.6,1,2,0.09,0,45,1
route_n7,stop_04,21,17.9,2.5,2,2,0.04,0,6,0
route_n1,stop_05,23,12.5,7.5,2,2,0.05,0,25,0
route_n12,stop_11,5,34.1,18.4,0,1,0.19,1,69,2
route_n7,stop_03,5,18.6,0.3,1,2,0.06,0,15,0
route_n9,stop_12,0,15.6,4.5,1,2,0.06,2,32,0
route_n12,stop_07,0,32.8,20.2,1,2,0.09,0,46,1
route_n12,stop_07,23,15.0,5.2,1,2,0.09,0,35,1
route_n4,stop_07,22,7.6,1.4,1,2,0.09,2,23,0
route_n9,stop_12,23,12.9,5.8,1,2,0.06,0,34,0
route_n1,stop_02,1,12.2,7.6,2,1,0.14,1,61,1
route_n7,stop_07,1,35.3,38.5,1,2,0.09,0,76,2
route_n4,stop_10,2,20.3,22.4,0,0,0.28,0,96,2
route_n7,stop_04,2,20.5,11.0,2,2,0.04,0,37,1
route_n1,stop_01,21,20.8,29.0,1,2,0.08,2,42,1
route_n1,stop_05,0,7.4,6.5,2,2,0.05,0,22,0
route_n12,stop_07,21,20.2,0.4,1,2,0.09,1,27,0
route_n1,stop_04,0,13.2,3.2,2,2,0.04,0,21,0
route_n7,stop_07,23,12.3,6.0,1,2,0.09,0,34,0
route_n9,stop_06,3,12.9,2.7,0,0,0.32,1,96,2
route_n9,stop_05,23,24.1,30.7,2,2,0.05,0,35,1
route_n12,stop_07,21,15.8,9.5,1,2,0.09,1,31,0
route_n7,stop_07,22,10.2,2.0,1,2,0.09,0,16,0
route_n7,stop_03,2,27.8,13.9,1,2,0.06,0,61,1
route_n1,stop_05,0,13.4,13.3,2,2,0.05,1,30,0
route_n7,stop_04,21,18.3,18.4,2,2,0.04,0,16,0
route_n4,stop_07,21,13.6,13.9,1,2,0.09,0,24,0
route_n1,stop_04,1,15.0,11.3,2,2,0.04,0,35,1
route_n4,stop_04,21,17.2,9.7,2,2,0.04,0,9,0
route_n12,stop_11,2,25.7,12.9,0,1,0.19,1,91,2
route_n9,stop_05,1,11.4,12.6,2,2,0.05,0,32,0
route_n12,stop_04,21,25.4,0.8,2,2,0.04,0,8,0
route_n9,stop_05,21,10.0,0.9,2,2,0.05,0,8,0
route_n12,stop_04,5,16.6,4.9,2,2,0.04,0,10,0
route_n7,stop_07,23,15.8,3.3,1,2,0.09,0,33,0
route_n4,stop_10,23,10.8,0.2,0,0,0.28,3,91,2
route_n9,stop_12,2,22.7,20.0,1,2,0.06,1,61,1
route_n1,stop_04,4,12.9,0.2,2,2,0.04,0,34,0
route_n4,stop_04,5,12.0,5.9,2,2,0.04,0,13,0
route_n1,stop_01,1,17.1,12.1,1,2,0.08,0,58,1
route_n4,stop_07,23,29.8,36.1,1,2,0.09,2,64,1
route_n4,stop_10,21,18.9,4.3,0,0,0.28,0,70,2
route_n12,stop_11,2,13.8,1.0,0,1,0.19,0,82,2
route_n9,stop_05,0,15.0,8.3,2,2,0.05,0,17,0
route_n9,stop_05,23,16.0,19.1,2,2,0.05,0,28,0
route_n4,stop_02,4,30.8,37.4,2,1,0.14,2,85,2
route_n7,stop_04,21,9.1,3.7,2,2,0.04,0,9,0
route_n7,stop_03,0,17.6,4.0,1,2,0.06,0,36,1
route_n1,stop_05,21,13.7,15.4,2,2,0.05,0,15,0
route_n1,stop_09,23,8.3,2.2,1,2,0.07,2,37,1
route_n12,stop_11,21,23.1,6.2,0,1,0.19,2,64,1
route_n4,stop_02,21,17.6,3.4,2,1,0.14,1,27,0
route_n1,stop_02,21,10.1,0.3,2,1,0.14,1,24,0
route_n1,stop_02,1,14.9,6.7,2,1,0.14,0,57,1
route_n4,stop_02,1,11.1,4.8,2,1,0.14,0,55,1
route_n12,stop_11,0,23.2,12.0,0,1,0.19,0,65,2
route_n1,stop_02,5,16.3,19.3,2,1,0.14,0,36,1
route_n12,stop_11,23,10.5,3.2,0,1,0.19,0,66,2
route_n9,stop_05,22,15.7,10.8,2,2,0.05,0,12,0
route_n12,stop_04,3,21.3,0.9,2,2,0.04,0,45,1
route_n7,stop_04,22,18.4,5.0,2,2,0.04,0,7,0
route_n7,stop_04,5,18.7,0.5,2,2,0.04,1,9,0
route_n12,stop_11,21,26.4,17.7,0,1,0.19,0,61,1
route_n7,stop_07,5,12.3,9.5,1,2,0.09,0,24,0
route_n9,stop_09,21,9.5,7.0,1,2,0.07,1,24,0
route_n4,stop_04,3,24.0,27.1,2,2,0.04,0,46,1
route_n7,stop_08,0,15.9,10.8,0,1,0.22,3,79,2
route_n7,stop_04,5,17.7,22.6,2,2,0.04,1,21,0
route_n12,stop_11,21,20.0,8.1,0,1,0.19,1,64,1
route_n9,stop_12,0,22.1,26.9,1,2,0.06,0,55,1
route_n4,stop_07,5,11.8,4.7,1,2,0.09,1,30,0
route_n12,stop_11,0,22.5,1.3,0,1,0.19,1,66,2
route_n12,stop_04,0,23.7,7.8,2,2,0.04,0,22,0
route_n9,stop_12,1,9.8,2.1,1,2,0.06,1,50,1
route_n4,stop_04,23,18.8,9.3,2,2,0.04,0,30,0
route_n9,stop_09,0,15.2,6.9,1,2,0.07,0,35,1
route_n4,stop_04,0,17.7,10.1,2,2,0.04,0,20,0
route_n9,stop_06,4,11.4,0.1,0,0,0.32,1,96,2
route_n12,stop_04,21,9.8,1.4,2,2,0.04,0,8,0
route_n12,stop_04,22,23.3,4.4,2,2,0.04,2,19,0
route_n1,stop_09,5,15.7,19.5,1,2,0.07,1,32,0
route_n7,stop_04,3,24.6,7.5,2,2,0.04,0,43,1
route_n9,stop_06,23,16.5,5.7,0,0,0.32,0,78,2
route_n1,stop_01,0,15.0,13.0,1,2,0.08,2,46,1
route_n7,stop_03,22,13.7,6.0,1,2,0.06,0,24,0
route_n9,stop_06,22,8.5,2.3,0,0,0.32,1,70,2
route_n4,stop_07,23,12.3,5.5,1,2,0.09,0,32,0
route_n7,stop_07,23,15.7,2.6,1,2,0.09,0,28,0
route_n12,stop_04,0,28.4,35.2,2,2,0.04,0,46,1
route_n1,stop_05,21,9.5,0.9,2,2,0.05,0,5,0
route_n7,stop_03,5,11.2,3.0,1,2,0.06,1,23,0
route_n7,stop_07,5,22.2,0.2,1,2,0.09,0,24,0
route_n12,stop_07,1,12.5,3.9,1,2,0.09,2,62,1
route_n9,stop_12,0,21.8,15.8,1,2,0.06,0,41,1
route_n4,stop_04,23,17.9,2.3,2,2,0.04,1,22,0
route_n12,stop_04,2,19.0,1.3,2,2,0.04,0,37,1
route_n4,stop_10,1,18.7,10.0,0,0,0.28,4,96,2
route_n9,stop_05,22,10.1,0.1,2,2,0.05,0,5,0
route_n7,stop_08,4,17.2,0.6,0,1,0.22,2,85,2
route_n4,stop_07,2,20.4,25.7,1,2,0.09,0,58,1
route_n1,stop_01,4,11.1,9.6,1,2,0.08,0,48,1
route_n1,stop_01,1,25.1,38.5,1,2,0.08,0,74,2
route_n12,stop_11,0,26.0,20.0,0,1,0.19,3,86,2
route_n9,stop_09,23,16.5,12.0,1,2,0.07,2,43,1
route_n12,stop_11,4,14.3,0.3,0,1,0.19,1,80,2
route_n12,stop_04,3,25.1,23.8,2,2,0.04,1,53,1
route_n12,stop_11,21,15.4,12.1,0,1,0.19,2,63,1
route_n1,stop_05,21,9.1,10.4,2,2,0.05,0,9,0
route_n1,stop_02,23,9.7,7.4,2,1,0.14,0,44,1
route_n12,stop_07,2,12.0,4.1,1,2,0.09,2,62,1
route_n1,stop_09,5,10.3,12.1,1,2,0.07,0,18,0
route_n9,stop_12,22,17.5,8.4,1,2,0.06,2,32,0
route_n12,stop_07,0,26.1,41.1,1,2,0.09,0,54,1
route_n1,stop_04,23,11.2,1.8,2,2,0.04,0,17,0
route_n4,stop_04,5,10.0,1.7,2,2,0.04,0,6,0
route_n12,stop_07,3,26.2,3.7,1,2,0.09,1,56,1
route_n12,stop_07,2,27.5,24.5,1,2,0.09,1,69,2
route_n9,stop_06,23,9.6,2.2,0,0,0.32,4,96,2
route_n7,stop_07,23,15.5,0.7,1,2,0.09,0,34,0
route_n7,stop_07,22,30.2,42.5,1,2,0.09,1,47,1
route_n9,stop_12,21,11.6,0.2,1,2,0.06,0,16,0
route_n9,stop_05,3,17.9,28.1,2,2,0.05,0,45,1
route_n9,stop_05,2,19.0,7.1,2,2,0.05,0,37,1
route_n7,stop_08,5,18.7,12.0,0,1,0.22,0,66,2
route_n9,stop_06,5,11.3,5.3,0,0,0.32,1,73,2
route_n1,stop_05,0,20.5,24.1,2,2,0.05,0,29,0
route_n12,stop_04,2,31.8,40.7,2,2,0.04,0,61,1
route_n12,stop_07,4,24.0,0.1,1,2,0.09,0,51,1
route_n4,stop_07,3,11.9,1.2,1,2,0.09,0,48,1
route_n4,stop_02,22,15.4,1.9,2,1,0.14,1,34,0
route_n12,stop_07,23,15.5,11.5,1,2,0.09,0,41,1
route_n1,stop_04,21,17.8,14.2,2,2,0.04,0,12,0
route_n7,stop_04,5,20.1,4.0,2,2,0.04,0,7,0
route_n7,stop_04,0,14.6,9.7,2,2,0.04,0,22,0
route_n1,stop_09,22,6.4,1.4,1,2,0.07,0,21,0
route_n7,stop_07,1,22.4,25.5,1,2,0.09,2,70,2
route_n9,stop_09,0,30.2,35.6,1,2,0.07,0,48,1
route_n12,stop_11,23,14.9,3.3,0,1,0.19,2,72,2
route_n12,stop_07,21,19.0,4.4,1,2,0.09,1,21,0
route_n1,stop_09,1,5.3,1.4,1,2,0.07,1,57,1
route_n7,stop_03,0,16.9,8.5,1,2,0.06,0,33,0
route_n4,stop_07,2,17.2,10.9,1,2,0.09,0,54,1
route_n4,stop_10,0,18.1,1.6,0,0,0.28,2,91,2
route_n7,stop_03,3,18.9,9.1,1,2,0.06,5,69,2
route_n4,stop_04,0,17.5,4.2,2,2,0.04,1,24,0
route_n1,stop_01,0,12.5,7.7,1,2,0.08,0,37,1
route_n1,stop_05,3,10.3,13.7,2,2,0.05,0,46,1
route_n7,stop_07,23,12.3,0.1,1,2,0.09,1,38,1
route_n4,stop_07,21,16.6,9.3,1,2,0.09,1,34,0
route_n1,stop_04,21,16.3,8.1,2,2,0.04,0,6,0
route_n1,stop_01,1,15.1,7.1,1,2,0.08,0,53,1
route_n9,stop_06,0,8.1,0.6,0,0,0.32,2,89,2
route_n9,stop_06,1,16.5,21.9,0,0,0.32,0,96,2
route_n1,stop_02,22,14.4,20.2,2,1,0.14,0,39,1
route_n7,stop_03,21,22.1,1.8,1,2,0.06,0,20,0
route_n12,stop_07,21,25.3,2.5,1,2,0.09,0,22,0
route_n12,stop_04,23,23.8,2.1,2,2,0.04,1,27,0
route_n1,stop_09,0,11.6,8.9,1,2,0.07,0,29,0
route_n1,stop_02,23,9.7,1.7,2,1,0.14,1,39,1
route_n1,stop_04,23,10.5,4.6,2,2,0.04,0,19,0
route_n7,stop_03,4,14.4,7.8,1,2,0.06,0,48,1
route_n9,stop_09,23,14.3,8.5,1,2,0.07,2,47,1
route_n1,stop_09,0,6.8,5.1,1,2,0.07,0,29,0
route_n1,stop_02,2,9.1,8.5,2,1,0.14,0,55,1
route_n4,stop_02,23,20.1,8.6,2,1,0.14,1,47,1
route_n7,stop_07,0,18.8,0.1,1,2,0.09,1,42,1
route_n1,stop_01,3,8.8,1.3,1,2,0.08,0,47,1
route_n4,stop_07,4,17.8,13.9,1,2,0.09,1,63,1
route_n12,stop_11,22,15.9,0.5,0,1,0.19,3,64,1
route_n1,stop_04,4,14.4,8.0,2,2,0.04,2,46,1
route_n1,stop_02,0,22.1,26.3,2,1,0.14,0,49,1
route_n4,stop_10,22,16.0,2.1,0,0,0.28,1,68,2
route_n7,stop_03,23,20.3,4.8,1,2,0.06,0,35,1
route_n1,stop_02,5,8.5,5.5,2,1,0.14,1,27,0
route_n12,stop_11,0,24.0,22.2,0,1,0.19,0,80,2
route_n1,stop_01,23,20.6,29.6,1,2,0.08,1,55,1
route_n12,stop_04,0,20.6,14.0,2,2,0.04,0,26,0
route_n9,stop_06,22,13.8,0.6,0,0,0.32,2,73,2
route_n9,stop_05,21,11.8,7.2,2,2,0.05,1,14,0
route_n12,stop_07,21,12.8,3.4,1,2,0.09,1,21,0
route_n7,stop_03,21,15.1,4.1,1,2,0.06,0,18,0
route_n1,stop_02,22,13.4,0.3,2,1,0.14,0,20,0
route_n1,stop_02,21,7.1,1.4,2,1,0.14,0,22,0
route_n9,stop_05,1,21.8,24.4,2,2,0.05,0,53,1
route_n12,stop_07,22,18.4,3.9,1,2,0.09,0,23,0
route_n1,stop_05,23,6.6,3.7,2,2,0.05,0,17,0
route_n1,stop_09,3,11.9,7.6,1,2,0.07,0,46,1
route_n7,stop_04,23,26.0,20.0,2,2,0.04,0,33,0
route_n4,stop_10,1,20.8,21.6,0,0,0.28,0,96,2
route_n9,stop_06,22,15.7,2.1,0,0,0.32,2,79,2
route_n9,stop_06,22,8.8,0.8,0,0,0.32,2,75,2
route_n4,stop_04,21,7.8,1.9,2,2,0.04,1,11,0
route_n1,stop_04,22,19.5,16.5,2,2,0.04,1,18,0
route_n7,stop_03,22,15.5,5.7,1,2,0.06,1,25,0
route_n7,stop_03,22,18.1,5.0,1,2,0.06,0,24,0
route_n9,stop_05,21,16.3,5.9,2,2,0.05,0,17,0
route_n7,stop_03,21,13.6,3.0,1,2,0.06,0,23,0
route_n4,stop_10,23,21.4,17.1,0,0,0.28,3,96,2
route_n1,stop_05,22,7.6,4.8,2,2,0.05,1,10,0
route_n4,stop_10,23,10.0,1.3,0,0,0.28,5,96,2
route_n12,stop_04,0,12.2,1.4,2,2,0.04,0,15,0
route_n9,stop_12,1,19.0,12.0,1,2,0.06,0,53,1
route_n7,stop_03,21,18.0,17.9,1,2,0.06,1,29,0
route_n12,stop_07,2,24.2,5.8,1,2,0.09,0,56,1
route_n7,stop_03,0,30.1,21.2,1,2,0.06,0,42,1
route_n1,stop_05,21,13.0,9.4,2,2,0.05,0,15,0
route_n1,stop_01,3,11.1,4.4,1,2,0.08,2,59,1
route_n1,stop_04,4,8.7,0.2,2,2,0.04,0,33,0
route_n7,stop_04,21,12.7,0.7,2,2,0.04,0,5,0
route_n12,stop_07,22,21.0,8.5,1,2,0.09,0,24,0
route_n1,stop_02,2,11.3,3.5,2,1,0.14,1,58,1
route_n12,stop_11,1,29.6,7.2,0,1,0.19,1,94,2
route_n7,stop_08,22,23.4,4.5,0,1,0.22,3,64,1
route_n12,stop_07,22,27.9,8.4,1,2,0.09,0,22,0
route_n7,stop_03,23,21.3,1.2,1,2,0.06,1,39,1
route_n7,stop_07,0,16.7,5.4,1,2,0.09,0,37,1
route_n9,stop_09,0,15.3,6.9,1,2,0.07,0,31,0
route_n7,stop_07,23,24.2,8.1,1,2,0.09,0,37,1
route_n7,stop_03,23,20.5,17.7,1,2,0.06,1,42,1
route_n4,stop_10,1,18.7,2.9,0,0,0.28,1,96,2
route_n1,stop_02,21,12.5,10.7,2,1,0.14,0,28,0
route_n9,stop_06,22,15.0,7.7,0,0,0.32,2,80,2
route_n9,stop_09,1,18.1,12.7,1,2,0.07,0,53,1
route_n9,stop_05,3,23.2,18.8,2,2,0.05,0,44,1
route_n4,stop_02,0,11.1,5.5,2,1,0.14,2,45,1
route_n7,stop_07,0,19.3,1.5,1,2,0.09,0,35,1
route_n1,stop_04,21,12.0,7.1,2,2,0.04,1,11,0
route_n12,stop_04,23,16.9,7.7,2,2,0.04,0,27,0
route_n7,stop_04,0,23.4,10.6,2,2,0.04,0,28,0
route_n4,stop_02,22,13.7,2.7,2,1,0.14,3,30,0
route_n7,stop_07,22,23.6,15.4,1,2,0.09,1,35,1
route_n7,stop_08,23,16.0,9.2,0,1,0.22,3,82,2
route_n4,stop_10,21,12.0,0.6,0,0,0.28,2,73,2
route_n9,stop_05,23,14.5,6.2,2,2,0.05,1,20,0
route_n9,stop_12,22,13.5,9.2,1,2,0.06,1,26,0
route_n1,stop_01,23,12.8,16.4,1,2,0.08,0,40,1
route_n1,stop_01,21,14.9,4.4,1,2,0.08,0,18,0
route_n9,stop_12,3,25.0,35.1,1,2,0.06,1,66,2
route_n12,stop_04,0,23.5,3.2,2,2,0.04,0,22,0
route_n7,stop_07,1,16.9,8.2,1,2,0.09,0,53,1
route_n12,stop_07,2,29.7,35.7,1,2,0.09,0,69,2
route_n7,stop_08,0,23.0,23.6,0,1,0.22,0,78,2
route_n9,stop_06,21,12.8,7.5,0,0,0.32,2,77,2
route_n1,stop_05,0,17.6,20.4,2,2,0.05,0,29,0
route_n1,stop_01,0,9.8,1.0,1,2,0.08,0,33,0
route_n12,stop_04,1,30.4,31.2,2,2,0.04,0,53,1
route_n1,stop_01,23,7.3,4.0,1,2,0.08,0,26,0
route_n9,stop_06,21,11.3,1.3,0,0,0.32,0,68,2
route_n12,stop_07,22,12.8,1.8,1,2,0.09,1,20,0
route_n7,stop_08,23,11.6,5.6,0,1,0.22,0,67,2
route_n1,stop_02,1,14.7,4.5,2,1,0.14,0,56,1
route_n4,stop_07,0,14.9,4.0,1,2,0.09,2,36,1
route_n1,stop_09,23,11.0,1.5,1,2,0.07,0,34,0
route_n7,stop_07,5,14.4,2.3,1,2,0.09,0,17,0
route_n12,stop_07,0,28.9,8.8,1,2,0.09,2,53,1
route_n7,stop_03,22,18.6,3.8,1,2,0.06,1,25,0
route_n4,stop_02,21,16.4,2.8,2,1,0.14,0,21,0
route_n9,stop_12,22,12.9,8.9,1,2,0.06,0,19,0
route_n1,stop_02,22,19.0,14.6,2,1,0.14,0,34,0
route_n12,stop_04,22,27.4,9.2,2,2,0.04,0,12,0
route_n9,stop_06,22,15.7,2.6,0,0,0.32,4,85,2
route_n7,stop_04,22,13.6,8.9,2,2,0.04,0,15,0
route_n12,stop_07,22,14.3,1.1,1,2,0.09,2,25,0
route_n9,stop_12,3,9.4,2.2,1,2,0.06,0,47,1
route_n12,stop_04,21,15.0,2.8,2,2,0.04,0,12,0
route_n4,stop_02,0,23.1,17.1,2,1,0.14,2,56,1
route_n4,stop_04,23,7.5,2.9,2,2,0.04,1,16,0
route_n1,stop_01,5,5.3,0.4,1,2,0.08,2,26,0
route_n1,stop_01,21,7.3,0.9,1,2,0.08,0,14,0
route_n4,stop_04,23,16.6,20.4,2,2,0.04,0,34,0
route_n12,stop_04,5,15.8,6.5,2,2,0.04,0,6,0
route_n4,stop_02,3,17.4,4.6,2,1,0.14,0,66,2
route_n1,stop_05,2,14.6,12.6,2,2,0.05,0,46,1
route_n4,stop_04,22,8.0,4.9,2,2,0.04,0,5,0
route_n4,stop_07,22,13.9,6.9,1,2,0.09,1,27,0
route_n12,stop_11,1,18.0,4.1,0,1,0.19,0,85,2
route_n9,stop_09,4,11.8,13.0,1,2,0.07,1,60,1
route_n1,stop_05,0,12.1,3.8,2,2,0.05,1,25,0
route_n12,stop_04,0,26.6,12.3,2,2,0.04,0,32,0
route_n4,stop_02,22,14.7,0.1,2,1,0.14,1,27,0
route_n4,stop_07,2,17.7,7.3,1,2,0.09,0,52,1
route_n9,stop_09,22,6.5,2.8,1,2,0.07,0,17,0
route_n1,stop_05,23,16.4,8.2,2,2,0.05,0,26,0
route_n1,stop_09,23,12.1,0.8,1,2,0.07,0,33,0
route_n7,stop_03,0,27.5,16.2,1,2,0.06,0,44,1
route_n1,stop_04,22,5.3,1.6,2,2,0.04,0,7,0
route_n9,stop_05,21,18.4,7.3,2,2,0.05,0,5,0
route_n7,stop_08,0,26.4,16.9,0,1,0.22,2,84,2
route_n7,stop_04,22,22.2,5.4,2,2,0.04,0,11,0
route_n4,stop_02,0,12.7,14.0,2,1,0.14,0,49,1
route_n4,stop_04,22,17.7,7.0,2,2,0.04,0,5,0
route_n1,stop_02,0,15.0,4.6,2,1,0.14,0,45,1
route_n7,stop_04,0,24.6,17.2,2,2,0.04,0,30,0
route_n4,stop_10,21,13.8,2.3,0,0,0.28,2,78,2
route_n9,stop_06,23,19.1,8.8,0,0,0.32,3,96,2
route_n4,stop_04,21,14.9,8.9,2,2,0.04,0,12,0
route_n4,stop_10,21,14.4,3.1,0,0,0.28,1,75,2
route_n7,stop_07,5,15.6,2.3,1,2,0.09,1,25,0
route_n7,stop_03,23,24.1,6.4,1,2,0.06,1,39,1
route_n12,stop_07,2,21.0,26.6,1,2,0.09,1,67,2
route_n9,stop_06,22,17.7,17.3,0,0,0.32,2,84,2
route_n7,stop_04,1,22.7,12.3,2,2,0.04,0,43,1
route_n1,stop_04,2,18.4,16.9,2,2,0.04,1,39,1
route_n9,stop_06,0,21.4,24.3,0,0,0.32,1,96,2
route_n9,stop_12,23,15.7,1.1,1,2,0.06,1,35,1
route_n7,stop_07,23,22.7,2.7,1,2,0.09,1,38,1
route_n9,stop_12,23,11.2,12.8,1,2,0.06,0,38,1
route_n7,stop_07,4,18.1,11.3,1,2,0.09,1,54,1
route_n4,stop_10,2,18.4,30.3,0,0,0.28,2,96,2
route_n12,stop_11,5,16.3,3.5,0,1,0.19,2,59,1
route_n4,stop_07,21,12.7,0.6,1,2,0.09,0,19,0
route_n7,stop_03,1,24.8,9.0,1,2,0.06,0,51,1
route_n7,stop_07,4,20.9,1.7,1,2,0.09,0,51,1
route_n4,stop_07,22,8.4,2.2,1,2,0.09,1,28,0
route_n1,stop_02,21,9.2,9.6,2,1,0.14,1,35,1
route_n1,stop_04,1,10.3,1.2,2,2,0.04,0,37,1
route_n1,stop_05,0,16.6,18.3,2,2,0.05,1,34,0
route_n7,stop_08,3,15.0,8.7,0,1,0.22,1,87,2
route_n9,stop_06,21,17.5,5.9,0,0,0.32,5,86,2
route_n7,stop_04,2,22.0,1.5,2,2,0.04,0,36,1
route_n9,stop_09,22,10.8,2.7,1,2,0.07,1,22,0
route_n4,stop_04,22,16.9,0.6,2,2,0.04,0,10,0
route_n12,stop_07,22,24.4,21.2,1,2,0.09,0,34,0
route_n9,stop_12,2,23.6,25.7,1,2,0.06,0,68,2
route_n1,stop_09,1,12.6,9.6,1,2,0.07,0,56,1
route_n7,stop_04,0,10.4,2.6,2,2,0.04,0,17,0
route_n4,stop_04,23,28.4,28.2,2,2,0.04,0,30,0
route_n1,stop_01,3,11.2,6.6,1,2,0.08,0,55,1
route_n4,stop_02,23,15.5,1.8,2,1,0.14,0,43,1
route_n12,stop_04,2,20.8,12.9,2,2,0.04,0,38,1
route_n7,stop_04,23,19.7,29.9,2,2,0.04,0,40,1
route_n7,stop_04,23,9.0,0.0,2,2,0.04,0,18,0
route_n12,stop_07,23,19.1,2.8,1,2,0.09,2,43,1
route_n7,stop_08,23,29.4,29.0,0,1,0.22,0,89,2
route_n9,stop_06,1,10.2,2.9,0,0,0.32,4,96,2
route_n4,stop_07,0,14.8,1.2,1,2,0.09,1,39,1
route_n1,stop_05,22,13.0,5.5,2,2,0.05,0,10,0
route_n12,stop_07,3,34.0,30.9,1,2,0.09,2,79,2
route_n9,stop_12,23,13.4,6.7,1,2,0.06,0,33,0
route_n1,stop_05,0,31.9,48.0,2,2,0.05,0,48,1
route_n1,stop_01,4,11.9,7.4,1,2,0.08,0,48,1
route_n12,stop_07,0,17.4,0.8,1,2,0.09,0,32,0
route_n9,stop_09,21,20.4,32.1,1,2,0.07,1,39,1
route_n1,stop_02,4,8.6,3.4,2,1,0.14,2,58,1
route_n1,stop_02,0,6.3,3.5,2,1,0.14,2,44,1
route_n9,stop_05,23,15.6,8.5,2,2,0.05,0,22,0
route_n7,stop_03,21,12.2,2.4,1,2,0.06,0,21,0
route_n1,stop_01,2,7.8,1.4,1,2,0.08,2,48,1
route_n4,stop_04,0,15.2,0.0,2,2,0.04,0,18,0
route_n9,stop_06,0,11.4,6.2,0,0,0.32,0,86,2
route_n1,stop_09,3,18.0,28.3,1,2,0.07,1,66,2
route_n12,stop_11,2,17.4,13.3,0,1,0.19,0,86,2
route_n4,stop_07,22,33.9,46.4,1,2,0.09,0,43,1
route_n1,stop_05,23,7.1,3.5,2,2,0.05,0,20,0
route_n4,stop_10,22,12.3,2.1,0,0,0.28,0,71,2
route_n4,stop_02,1,13.2,2.7,2,1,0.14,1,59,1
route_n7,stop_04,21,18.3,1.2,2,2,0.04,1,14,0
route_n4,stop_07,0,15.0,3.5,1,2,0.09,0,35,1
route_n7,stop_04,2,29.5,24.6,2,2,0.04,0,52,1
route_n9,stop_05,3,20.6,36.8,2,2,0.05,0,56,1
route_n7,stop_08,23,27.3,38.4,0,1,0.22,2,96,2
route_n12,stop_07,2,15.7,4.1,1,2,0.09,0,45,1
route_n1,stop_01,21,11.4,13.9,1,2,0.08,1,26,0
route_n9,stop_12,3,11.0,6.2,1,2,0.06,0,55,1
route_n9,stop_05,21,9.1,0.8,2,2,0.05,0,5,0
route_n12,stop_04,23,26.9,21.2,2,2,0.04,0,32,0
route_n7,stop_07,2,23.8,15.8,1,2,0.09,1,67,2
route_n1,stop_02,22,8.4,1.2,2,1,0.14,0,23,0
route_n7,stop_08,22,19.8,3.7,0,1,0.22,0,53,1
route_n4,stop_04,1,12.2,5.3,2,2,0.04,0,37,1
route_n7,stop_07,1,20.2,20.8,1,2,0.09,0,59,1
route_n9,stop_12,1,15.0,9.4,1,2,0.06,1,56,1
route_n1,stop_05,1,23.9,48.0,2,2,0.05,0,60,1
route_n7,stop_08,0,8.9,0.6,0,1,0.22,2,74,2
route_n1,stop_02,22,9.4,2.9,2,1,0.14,0,29,0
route_n1,stop_02,23,15.7,6.8,2,1,0.14,0,40,1
route_n4,stop_02,22,16.5,4.5,2,1,0.14,2,29,0
route_n4,stop_07,4,8.1,2.5,1,2,0.09,1,50,1
route_n9,stop_09,0,20.0,13.6,1,2,0.07,0,39,1
route_n12,stop_04,23,30.8,21.6,2,2,0.04,0,35,1
route_n1,stop_01,23,21.6,29.0,1,2,0.08,1,49,1
route_n12,stop_07,4,28.0,10.6,1,2,0.09,1,58,1
route_n9,stop_12,22,14.7,12.4,1,2,0.06,0,27,0
route_n1,stop_05,0,9.8,8.3,2,2,0.05,0,25,0
route_n1,stop_02,0,16.4,18.2,2,1,0.14,0,45,1
route_n12,stop_11,0,20.4,3.8,0,1,0.19,1,65,2
route_n7,stop_04,21,16.9,3.3,2,2,0.04,0,19,0
route_n4,stop_07,3,15.1,5.9,1,2,0.09,0,54,1
route_n7,stop_03,4,23.4,4.1,1,2,0.06,0,51,1
route_n12,stop_07,0,26.6,3.5,1,2,0.09,1,44,1
route_n4,stop_10,1,35.7,48.0,0,0,0.28,1,96,2
route_n7,stop_08,4,20.5,2.4,0,1,0.22,1,90,2
route_n4,stop_04,1,18.0,1.6,2,2,0.04,1,40,1
route_n1,stop_04,22,7.3,4.9,2,2,0.04,0,6,0
route_n7,stop_04,0,11.7,0.6,2,2,0.04,1,21,0
route_n4,stop_10,0,12.4,1.2,0,0,0.28,4,90,2
route_n4,stop_02,23,17.2,2.6,2,1,0.14,0,46,1
route_n4,stop_04,1,15.9,9.7,2,2,0.04,0,36,1
route_n7,stop_04,4,20.2,3.7,2,2,0.04,0,33,0
route_n9,stop_06,4,11.1,10.5,0,0,0.32,1,96,2
route_n7,stop_08,23,16.9,14.0,0,1,0.22,1,72,2
route_n12,stop_07,21,23.6,3.6,1,2,0.09,0,24,0
route_n7,stop_04,5,11.0,2.6,2,2,0.04,0,8,0
route_n4,stop_10,2,12.6,5.9,0,0,0.28,2,96,2
route_n1,stop_05,21,10.8,9.7,2,2,0.05,1,16,0
route_n7,stop_03,4,12.9,0.3,1,2,0.06,0,46,1
route_n7,stop_04,3,18.2,0.2,2,2,0.04,0,35,1
route_n4,stop_04,0,17.0,16.5,2,2,0.04,1,32,0
route_n1,stop_09,0,12.2,6.7,1,2,0.07,0,28,0
route_n1,stop_04,23,6.0,1.5,2,2,0.04,0,19,0
route_n12,stop_11,21,24.2,1.7,0,1,0.19,0,48,1
route_n7,stop_08,23,24.2,28.0,0,1,0.22,2,95,2
route_n1,stop_04,2,22.6,30.6,2,2,0.04,0,51,1
route_n1,stop_05,21,14.2,8.0,2,2,0.05,1,13,0
route_n9,stop_09,23,10.4,6.8,1,2,0.07,0,31,0
route_n9,stop_06,23,18.0,7.6,0,0,0.32,0,85,2
route_n1,stop_04,0,25.4,38.5,2,2,0.04,0,49,1
route_n12,stop_04,4,25.5,21.9,2,2,0.04,0,52,1
route_n1,stop_04,23,7.1,2.5,2,2,0.04,1,16,0
route_n4,stop_02,23,24.2,17.3,2,1,0.14,0,53,1
route_n7,stop_03,1,20.2,3.4,1,2,0.06,1,58,1
route_n12,stop_11,23,13.7,2.5,0,1,0.19,1,67,2
route_n4,stop_10,22,13.0,7.3,0,0,0.28,3,83,2
route_n12,stop_11,23,25.7,5.4,0,1,0.19,3,79,2
route_n4,stop_04,22,21.3,17.4,2,2,0.04,0,23,0
route_n7,stop_07,22,19.2,0.6,1,2,0.09,0,18,0
route_n7,stop_03,0,17.1,7.5,1,2,0.06,0,36,1
route_n9,stop_06,23,23.6,26.1,0,0,0.32,1,96,2
route_n4,stop_02,4,16.7,15.2,2,1,0.14,1,60,1
route_n9,stop_06,23,8.4,1.8,0,0,0.32,4,96,2
route_n4,stop_07,0,15.5,4.7,1,2,0.09,2,38,1
route_n9,stop_09,0,19.9,10.0,1,2,0.07,0,39,1
route_n7,stop_07,21,12.6,1.1,1,2,0.09,0,14,0
route_n12,stop_07,1,36.5,48.0,1,2,0.09,0,78,2
route_n9,stop_06,22,19.1,16.0,0,0,0.32,2,88,2
route_n4,stop_04,5,13.0,1.2,2,2,0.04,0,5,0
route_n4,stop_02,22,16.4,0.8,2,1,0.14,0,27,0
route_n7,stop_08,23,19.3,0.9,0,1,0.22,1,69,2
route_n4,stop_02,21,12.9,15.6,2,1,0.14,0,36,1
route_n1,stop_01,5,14.0,1.4,1,2,0.08,0,25,0
route_n12,stop_11,0,24.8,5.6,0,1,0.19,4,80,2
route_n9,stop_05,0,17.2,6.2,2,2,0.05,1,26,0
route_n12,stop_07,21,23.1,5.9,1,2,0.09,0,26,0
route_n7,stop_08,1,20.8,1.2,0,1,0.22,0,85,2
route_n9,stop_06,22,7.3,1.7,0,0,0.32,4,83,2
route_n9,stop_09,3,25.9,41.8,1,2,0.07,0,73,2
route_n1,stop_02,22,18.6,15.5,2,1,0.14,1,36,1
route_n7,stop_08,22,14.5,9.9,0,1,0.22,2,64,1
route_n4,stop_04,21,7.0,0.1,2,2,0.04,0,8,0
route_n1,stop_05,23,13.2,4.1,2,2,0.05,0,23,0
route_n1,stop_02,0,16.1,10.3,2,1,0.14,1,48,1
route_n12,stop_04,21,12.8,2.1,2,2,0.04,1,12,0
route_n12,stop_07,2,39.4,37.5,1,2,0.09,0,74,2
route_n12,stop_07,23,25.6,10.5,1,2,0.09,1,45,1
route_n1,stop_01,0,9.5,0.8,1,2,0.08,0,27,0
route_n4,stop_02,23,25.9,24.9,2,1,0.14,0,57,1
route_n9,stop_09,23,23.1,32.9,1,2,0.07,0,41,1
route_n12,stop_07,0,12.8,0.8,1,2,0.09,1,36,1
route_n4,stop_07,22,11.4,4.9,1,2,0.09,1,29,0
route_n7,stop_03,22,16.0,2.3,1,2,0.06,0,15,0
route_n12,stop_04,3,21.7,7.8,2,2,0.04,0,41,1
route_n9,stop_12,4,14.6,1.3,1,2,0.06,0,45,1
route_n7,stop_03,23,23.0,9.0,1,2,0.06,1,40,1
route_n7,stop_08,22,24.5,20.6,0,1,0.22,2,75,2
route_n9,stop_05,1,18.2,10.9,2,2,0.05,0,42,1
route_n12,stop_04,23,12.8,0.9,2,2,0.04,1,15,0
route_n1,stop_02,21,7.5,6.3,2,1,0.14,0,22,0
route_n9,stop_05,22,15.9,2.7,2,2,0.05,0,11,0
route_n9,stop_06,1,18.3,30.2,0,0,0.32,2,96,2
route_n9,stop_05,1,11.6,8.9,2,2,0.05,0,45,1
route_n7,stop_07,21,18.5,1.4,1,2,0.09,3,38,1
route_n4,stop_10,22,11.5,1.4,0,0,0.28,1,71,2
route_n1,stop_02,22,16.2,9.5,2,1,0.14,0,38,1
route_n12,stop_04,1,16.3,4.8,2,2,0.04,0,37,1
route_n12,stop_11,21,13.0,9.5,0,1,0.19,2,58,1
route_n4,stop_04,21,10.2,1.5,2,2,0.04,0,5,0
route_n9,stop_12,2,14.1,6.1,1,2,0.06,0,42,1
route_n1,stop_01,22,9.5,4.1,1,2,0.08,1,29,0
route_n12,stop_07,1,36.5,44.7,1,2,0.09,0,83,2
route_n12,stop_07,22,31.7,17.4,1,2,0.09,0,29,0
route_n9,stop_05,21,15.9,1.5,2,2,0.05,0,6,0
route_n4,stop_10,22,10.4,2.9,0,0,0.28,0,69,2
route_n1,stop_09,1,9.7,2.5,1,2,0.07,2,51,1
route_n4,stop_07,3,17.0,11.1,1,2,0.09,0,49,1
route_n4,stop_07,2,21.2,9.6,1,2,0.09,1,58,1
route_n1,stop_01,23,23.1,24.0,1,2,0.08,0,46,1
route_n1,stop_05,1,23.2,41.5,2,2,0.05,0,57,1
route_n12,stop_04,22,23.3,3.1,2,2,0.04,0,10,0
route_n12,stop_07,22,17.6,4.4,1,2,0.09,2,35,1
route_n1,stop_02,3,18.7,35.3,2,1,0.14,0,71,2
route_n7,stop_03,21,11.9,10.7,1,2,0.06,0,24,0
route_n12,stop_04,21,17.3,0.0,2,2,0.04,0,9,0
route_n7,stop_08,22,15.8,2.5,0,1,0.22,4,69,2
route_n1,stop_02,21,6.1,3.6,2,1,0.14,1,25,0
route_n12,stop_04,22,22.0,1.7,2,2,0.04,0,9,0
route_n4,stop_10,0,10.4,2.3,0,0,0.28,3,94,2
route_n1,stop_05,23,9.7,0.4,2,2,0.05,1,17,0
route_n9,stop_06,3,15.1,16.1,0,0,0.32,3,96,2
route_n7,stop_04,2,11.9,4.8,2,2,0.04,0,41,1
route_n1,stop_05,23,8.4,0.6,2,2,0.05,1,18,0
route_n1,stop_09,22,7.3,1.7,1,2,0.07,0,19,0
route_n12,stop_07,23,25.3,16.8,1,2,0.09,1,50,1
route_n12,stop_07,0,20.5,19.8,1,2,0.09,1,46,1
route_n12,stop_07,22,19.9,4.3,1,2,0.09,1,28,0
route_n9,stop_06,0,9.3,5.6,0,0,0.32,1,89,2
route_n12,stop_07,23,36.9,39.6,1,2,0.09,1,57,1
route_n1,stop_09,0,12.2,2.3,1,2,0.07,0,34,0
route_n12,stop_07,23,12.0,2.5,1,2,0.09,1,33,0
route_n4,stop_04,22,12.5,2.2,2,2,0.04,0,9,0
route_n12,stop_11,4,10.8,1.2,0,1,0.19,1,80,2
route_n9,stop_12,2,14.8,7.4,1,2,0.06,0,50,1
route_n4,stop_10,22,15.5,15.7,0,0,0.28,0,81,2
route_n1,stop_01,3,15.2,14.9,1,2,0.08,0,58,1
route_n1,stop_01,0,11.4,5.5,1,2,0.08,1,34,0
route_n7,stop_04,3,38.4,42.5,2,2,0.04,0,59,1
route_n4,stop_04,2,12.9,0.8,2,2,0.04,0,32,0
route_n7,stop_04,23,17.2,2.5,2,2,0.04,0,22,0
route_n4,stop_04,21,13.0,5.4,2,2,0.04,0,9,0
route_n4,stop_02,22,19.9,6.2,2,1,0.14,1,29,0
route_n9,stop_12,0,14.0,0.4,1,2,0.06,0,27,0
route_n7,stop_04,0,13.9,5.4,2,2,0.04,0,22,0
route_n9,stop_12,22,17.2,6.8,1,2,0.06,0,22,0
route_n4,stop_04,21,14.3,7.8,2,2,0.04,0,17,0
route_n1,stop_02,2,18.3,15.9,2,1,0.14,2,69,2
route_n4,stop_04,5,16.9,2.5,2,2,0.04,0,14,0
route_n9,stop_06,0,7.8,1.0,0,0,0.32,2,85,2
route_n7,stop_03,22,19.5,3.6,1,2,0.06,0,16,0
route_n7,stop_04,22,12.2,0.9,2,2,0.04,0,5,0
route_n9,stop_05,21,16.3,19.2,2,2,0.05,0,20,0
route_n7,stop_08,4,13.6,4.2,0,1,0.22,3,96,2
route_n12,stop_11,21,23.1,2.5,0,1,0.19,2,58,1
route_n1,stop_02,0,12.6,15.1,2,1,0.14,2,50,1
route_n1,stop_09,22,6.3,4.5,1,2,0.07,0,15,0
route_n1,stop_09,0,12.5,3.9,1,2,0.07,0,27,0
route_n7,stop_07,1,20.5,26.1,1,2,0.09,2,73,2
route_n7,stop_04,2,21.7,31.5,2,2,0.04,0,53,1
route_n4,stop_07,22,11.8,7.3,1,2,0.09,1,26,0
route_n4,stop_10,21,10.7,0.3,0,0,0.28,0,63,1
route_n1,stop_01,21,10.9,5.4,1,2,0.08,0,27,0
route_n12,stop_11,4,13.6,9.4,0,1,0.19,1,85,2
route_n4,stop_04,3,18.6,2.3,2,2,0.04,1,42,1
route_n4,stop_10,0,15.7,2.7,0,0,0.28,2,85,2
route_n7,stop_08,0,21.3,22.3,0,1,0.22,0,77,2
route_n12,stop_04,1,14.9,0.3,2,2,0.04,0,36,1
route_n1,stop_05,22,12.2,9.1,2,2,0.05,1,15,0
route_n4,stop_10,4,15.2,4.2,0,0,0.28,3,96,2
route_n12,stop_07,23,14.1,6.2,1,2,0.09,0,37,1
route_n12,stop_11,23,12.4,0.1,0,1,0.19,0,59,1
route_n1,stop_02,0,19.4,17.8,2,1,0.14,0,48,1
route_n12,stop_07,21,14.8,2.9,1,2,0.09,1,25,0
route_n12,stop_04,22,17.9,5.1,2,2,0.04,0,10,0
route_n12,stop_07,1,31.7,17.6,1,2,0.09,0,62,1
route_n4,stop_10,21,17.1,7.9,0,0,0.28,1,72,2
route_n1,stop_02,0,20.6,32.5,2,1,0.14,1,54,1
route_n12,stop_07,22,23.3,4.9,1,2,0.09,1,20,0
route_n12,stop_04,23,11.5,5.3,2,2,0.04,0,23,0
route_n4,stop_07,22,22.8,20.0,1,2,0.09,3,46,1
route_n1,stop_02,23,13.2,10.7,2,1,0.14,0,45,1
route_n7,stop_07,1,21.9,5.5,1,2,0.09,0,54,1
route_n4,stop_10,22,17.8,0.9,0,0,0.28,2,69,2
route_n1,stop_09,0,20.5,19.2,1,2,0.07,0,39,1
route_n12,stop_11,23,27.2,4.7,0,1,0.19,0,69,2
route_n1,stop_01,1,15.9,16.9,1,2,0.08,0,58,1
route_n1,stop_09,4,9.4,4.1,1,2,0.07,0,48,1
route_n1,stop_02,1,10.1,3.5,2,1,0.14,3,65,2
route_n7,stop_04,22,20.2,6.0,2,2,0.04,0,10,0
route_n1,stop_01,21,12.6,0.4,1,2,0.08,0,19,0
route_n7,stop_07,22,12.0,3.5,1,2,0.09,0,19,0
route_n12,stop_07,0,28.8,8.2,1,2,0.09,1,47,1
route_n7,stop_08,21,21.2,3.7,0,1,0.22,2,61,1
route_n12,stop_11,0,32.4,14.4,0,1,0.19,0,70,2
route_n12,stop_11,0,32.2,18.3,0,1,0.19,2,81,2
route_n7,stop_04,23,17.8,15.3,2,2,0.04,0,26,0
route_n4,stop_02,2,7.5,0.6,2,1,0.14,1,58,1
route_n9,stop_05,21,7.2,1.4,2,2,0.05,1,8,0
route_n1,stop_02,21,9.1,5.0,2,1,0.14,3,35,1
route_n9,stop_05,1,29.1,42.6,2,2,0.05,0,56,1
route_n1,stop_09,0,19.2,18.7,1,2,0.07,0,45,1
route_n1,stop_05,1,24.1,28.8,2,2,0.05,0,50,1
route_n12,stop_04,23,21.7,3.8,2,2,0.04,0,22,0
route_n1,stop_02,22,6.0,3.6,2,1,0.14,1,32,0
route_n1,stop_05,2,10.1,9.9,2,2,0.05,0,41,1
route_n7,stop_07,2,10.1,2.7,1,2,0.09,0,43,1
route_n9,stop_09,1,9.5,0.5,1,2,0.07,0,40,1
route_n7,stop_04,22,22.7,19.1,2,2,0.04,0,17,0
route_n1,stop_02,0,6.1,2.9,2,1,0.14,0,32,0
route_n12,stop_07,23,16.4,2.9,1,2,0.09,1,40,1
route_n7,stop_08,21,10.4,0.6,0,1,0.22,2,58,1
route_n7,stop_07,4,24.0,17.1,1,2,0.09,1,64,1
route_n4,stop_07,21,13.8,5.6,1,2,0.09,1,23,0
route_n1,stop_09,5,11.8,7.1,1,2,0.07,0,28,0
route_n12,stop_04,23,26.8,25.2,2,2,0.04,1,48,1
route_n7,stop_08,22,23.0,2.8,0,1,0.22,1,58,1
route_n7,stop_04,0,14.8,10.1,2,2,0.04,0,25,0
route_n12,stop_11,3,18.5,0.6,0,1,0.19,0,81,2
route_n1,stop_02,1,12.4,3.2,2,1,0.14,1,56,1
route_n4,stop_02,2,23.8,27.8,2,1,0.14,0,67,2
route_n7,stop_04,1,30.5,22.7,2,2,0.04,0,46,1
route_n4,stop_07,1,13.2,6.7,1,2,0.09,0,48,1
route_n9,stop_05,3,13.4,7.4,2,2,0.05,1,43,1
route_n1,stop_04,22,7.3,5.0,2,2,0.04,0,5,0
route_n9,stop_05,0,12.0,0.0,2,2,0.05,0,9,0
route_n9,stop_12,22,9.2,1.8,1,2,0.06,1,23,0
route_n9,stop_06,5,7.7,1.5,0,0,0.32,1,72,2
route_n1,stop_05,4,10.2,1.9,2,2,0.05,1,43,1
route_n1,stop_02,21,13.6,10.7,2,1,0.14,0,31,0
route_n12,stop_04,1,12.4,5.1,2,2,0.04,0,31,0
route_n4,stop_02,4,14.9,1.4,2,1,0.14,0,46,1
route_n4,stop_10,22,15.3,4.6,0,0,0.28,3,79,2
route_n12,stop_07,0,20.8,20.9,1,2,0.09,1,46,1
route_n12,stop_04,4,18.2,1.8,2,2,0.04,0,39,1
route_n9,stop_12,21,13.4,0.5,1,2,0.06,2,25,0
route_n12,stop_04,1,21.3,6.9,2,2,0.04,0,43,1
route_n7,stop_04,22,17.0,9.0,2,2,0.04,0,6,0
route_n4,stop_04,4,11.9,5.2,2,2,0.04,0,40,1
route_n12,stop_07,5,24.4,11.0,1,2,0.09,1,34,0
route_n7,stop_07,4,29.9,20.9,1,2,0.09,1,60,1
route_n7,stop_03,23,24.1,16.4,1,2,0.06,1,50,1
route_n7,stop_07,3,14.4,14.4,1,2,0.09,0,56,1
route_n7,stop_03,3,18.7,10.6,1,2,0.06,0,55,1
route_n9,stop_05,23,15.2,0.4,2,2,0.05,0,16,0
route_n7,stop_08,2,28.1,48.0,0,1,0.22,2,96,2
route_n9,stop_09,21,17.3,3.1,1,2,0.07,0,17,0
route_n9,stop_05,0,16.3,1.7,2,2,0.05,0,23,0
route_n7,stop_04,22,11.5,7.1,2,2,0.04,0,11,0
route_n4,stop_07,21,18.1,2.2,1,2,0.09,1,22,0
route_n7,stop_08,21,15.2,5.7,0,1,0.22,1,65,2
route_n7,stop_04,1,25.7,13.8,2,2,0.04,2,52,1
route_n7,stop_03,23,16.2,6.1,1,2,0.06,2,44,1
route_n4,stop_10,1,22.6,28.2,0,0,0.28,1,96,2
route_n1,stop_05,21,11.0,2.0,2,2,0.05,0,13,0
route_n1,stop_02,23,14.0,6.2,2,1,0.14,0,36,1
route_n9,stop_06,0,9.0,8.0,0,0,0.32,1,93,2
route_n9,stop_06,2,18.6,17.0,0,0,0.32,1,96,2
route_n4,stop_04,23,14.6,15.9,2,2,0.04,0,24,0
route_n12,stop_07,0,17.3,5.2,1,2,0.09,1,42,1
route_n1,stop_09,3,14.1,16.2,1,2,0.07,1,63,1
route_n9,stop_09,0,11.1,1.7,1,2,0.07,0,27,0
route_n1,stop_02,22,14.5,17.5,2,1,0.14,1,40,1
route_n4,stop_04,21,8.5,3.1,2,2,0.04,1,13,0
route_n4,stop_10,3,15.9,20.4,0,0,0.28,0,96,2
route_n12,stop_11,21,9.6,0.1,0,1,0.19,1,58,1
route_n12,stop_07,3,18.9,3.6,1,2,0.09,0,46,1
route_n4,stop_10,0,20.2,6.9,0,0,0.28,0,84,2
route_n9,stop_06,4,12.1,13.7,0,0,0.32,0,96,2
route_n1,stop_09,2,17.7,11.7,1,2,0.07,0,51,1
route_n7,stop_07,5,25.4,17.3,1,2,0.09,0,32,0
route_n12,stop_04,23,23.2,6.9,2,2,0.04,0,25,0
route_n7,stop_03,2,21.4,10.5,1,2,0.06,1,57,1
route_n9,stop_05,23,14.8,1.3,2,2,0.05,1,26,0
route_n12,stop_04,23,17.7,16.9,2,2,0.04,0,27,0
route_n7,stop_07,0,16.2,2.9,1,2,0.09,0,35,1
route_n9,stop_06,3,27.3,35.9,0,0,0.32,3,96,2
route_n1,stop_02,5,16.1,15.7,2,1,0.14,1,39,1
route_n9,stop_09,2,32.3,44.8,1,2,0.07,1,82,2
route_n12,stop_07,23,13.3,7.6,1,2,0.09,0,32,0
route_n4,stop_10,23,19.0,11.8,0,0,0.28,2,96,2
route_n1,stop_05,1,18.7,23.5,2,2,0.05,0,45,1
route_n7,stop_08,22,13.5,0.9,0,1,0.22,1,51,1
route_n12,stop_11,21,17.5,6.0,0,1,0.19,0,54,1
route_n4,stop_07,23,13.6,0.4,1,2,0.09,2,36,1
route_n9,stop_09,22,16.8,4.5,1,2,0.07,1,28,0
route_n4,stop_10,22,12.4,1.1,0,0,0.28,0,71,2
route_n12,stop_04,22,24.4,1.3,2,2,0.04,0,5,0
route_n12,stop_07,21,17.4,3.0,1,2,0.09,0,19,0
route_n4,stop_02,21,8.7,3.7,2,1,0.14,1,23,0
route_n9,stop_12,5,8.6,6.3,1,2,0.06,1,22,0
route_n4,stop_07,23,6.9,0.8,1,2,0.09,0,33,0
route_n12,stop_07,23,18.8,7.3,1,2,0.09,0,37,1
route_n12,stop_04,1,16.3,3.1,2,2,0.04,0,34,0
route_n7,stop_07,22,20.5,5.5,1,2,0.09,2,36,1
route_n7,stop_03,4,21.3,6.6,1,2,0.06,2,51,1
route_n1,stop_09,2,10.0,12.7,1,2,0.07,1,61,1
route_n12,stop_04,21,16.5,8.7,2,2,0.04,0,9,0
route_n7,stop_08,23,13.3,4.3,0,1,0.22,0,66,2
route_n4,stop_02,3,21.6,22.6,2,1,0.14,1,68,2
route_n9,stop_06,4,8.4,3.7,0,0,0.32,3,96,2
route_n4,stop_02,23,10.4,6.9,2,1,0.14,1,38,1
route_n9,stop_09,0,20.0,10.9,1,2,0.07,0,39,1
route_n7,stop_03,22,19.6,0.1,1,2,0.06,0,21,0
route_n1,stop_09,5,8.9,6.9,1,2,0.07,0,15,0
route_n4,stop_07,22,13.4,6.3,1,2,0.09,0,19,0
route_n4,stop_07,4,11.2,2.4,1,2,0.09,0,48,1
route_n4,stop_10,1,16.1,1.4,0,0,0.28,0,95,2
route_n9,stop_05,0,11.3,1.0,2,2,0.05,2,23,0
route_n7,stop_07,0,20.1,26.7,1,2,0.09,0,47,1
route_n4,stop_07,22,17.9,7.6,1,2,0.09,0,27,0
route_n4,stop_10,22,11.1,0.9,0,0,0.28,1,70,2
route_n1,stop_09,22,8.0,2.9,1,2,0.07,0,22,0
route_n1,stop_02,22,10.2,5.8,2,1,0.14,1,26,0
route_n7,stop_07,2,26.2,28.2,1,2,0.09,1,65,2
route_n7,stop_08,23,12.8,0.5,0,1,0.22,1,74,2
route_n12,stop_07,21,14.1,1.8,1,2,0.09,0,18,0
route_n1,stop_09,5,13.8,14.3,1,2,0.07,0,21,0
route_n12,stop_04,3,9.4,0.1,2,2,0.04,0,27,0
route_n9,stop_12,4,14.3,1.5,1,2,0.06,0,52,1
route_n12,stop_04,5,20.4,20.8,2,2,0.04,0,17,0
route_n4,stop_10,22,9.0,6.2,0,0,0.28,3,80,2
route_n12,stop_04,23,22.0,3.2,2,2,0.04,0,21,0
route_n7,stop_04,1,19.5,1.1,2,2,0.04,1,43,1
route_n9,stop_12,1,14.3,0.4,1,2,0.06,0,47,1
route_n4,stop_04,22,12.6,1.8,2,2,0.04,0,14,0
route_n12,stop_11,2,26.0,33.3,0,1,0.19,1,96,2
route_n9,stop_06,22,14.8,3.5,0,0,0.32,2,83,2
route_n9,stop_05,22,16.3,8.3,2,2,0.05,0,13,0
route_n4,stop_04,0,19.4,26.0,2,2,0.04,0,33,0
route_n12,stop_07,0,27.5,5.5,1,2,0.09,0,37,1
route_n9,stop_06,0,7.4,2.2,0,0,0.32,3,94,2
route_n9,stop_09,21,17.9,4.7,1,2,0.07,1,27,0
route_n1,stop_02,3,27.1,37.2,2,1,0.14,1,77,2
route_n9,stop_06,22,17.1,10.6,0,0,0.32,3,87,2
route_n1,stop_02,21,13.1,0.4,2,1,0.14,1,32,0
route_n12,stop_07,3,29.4,18.4,1,2,0.09,0,69,2
route_n12,stop_11,5,14.6,5.5,0,1,0.19,0,56,1
route_n12,stop_07,3,31.8,37.1,1,2,0.09,1,82,2
route_n7,stop_04,2,9.4,2.0,2,2,0.04,0,32,0
route_n12,stop_04,1,20.8,11.9,2,2,0.04,1,48,1
route_n9,stop_06,0,22.2,22.0,0,0,0.32,0,96,2
route_n4,stop_07,21,12.0,3.4,1,2,0.09,1,21,0
route_n1,stop_01,23,10.2,6.8,1,2,0.08,1,36,1
route_n7,stop_08,23,16.8,0.8,0,1,0.22,1,75,2
route_n12,stop_04,22,25.5,2.1,2,2,0.04,0,6,0
route_n12,stop_11,1,12.3,6.1,0,1,0.19,2,84,2
route_n4,stop_04,0,22.7,30.2,2,2,0.04,0,41,1
route_n4,stop_07,21,8.8,2.2,1,2,0.09,0,24,0
route_n7,stop_07,22,19.5,4.0,1,2,0.09,0,25,0
route_n1,stop_09,1,12.4,17.4,1,2,0.07,0,56,1
route_n12,stop_04,21,21.4,1.2,2,2,0.04,1,10,0
route_n7,stop_03,3,16.0,10.4,1,2,0.06,0,54,1
route_n9,stop_05,0,13.1,14.0,2,2,0.05,0,31,0
route_n9,stop_09,0,23.9,21.0,1,2,0.07,0,46,1
route_n7,stop_04,0,11.9,10.2,2,2,0.04,1,34,0
route_n12,stop_07,2,23.8,17.3,1,2,0.09,0,57,1
route_n7,stop_08,23,8.4,1.4,0,1,0.22,3,74,2
route_n12,stop_11,1,35.9,45.5,0,1,0.19,1,96,2
route_n4,stop_04,0,12.6,1.5,2,2,0.04,0,15,0
route_n7,stop_08,22,16.2,9.7,0,1,0.22,3,67,2
route_n12,stop_04,3,13.3,4.8,2,2,0.04,1,41,1
route_n7,stop_03,2,30.1,42.3,1,2,0.06,1,78,2
route_n7,stop_08,1,25.5,19.9,0,1,0.22,2,96,2
route_n12,stop_07,3,31.8,21.9,1,2,0.09,1,69,2
route_n12,stop_04,3,20.1,3.9,2,2,0.04,0,42,1
route_n1,stop_04,1,13.4,9.1,2,2,0.04,0,39,1
route_n7,stop_07,2,16.5,15.0,1,2,0.09,0,63,1
route_n9,stop_06,1,17.7,22.9,0,0,0.32,2,96,2
route_n7,stop_07,1,10.6,1.7,1,2,0.09,0,50,1
route_n7,stop_04,0,24.9,34.1,2,2,0.04,1,39,1
route_n12,stop_11,1,26.8,34.5,0,1,0.19,1,96,2
route_n7,stop_03,22,16.1,2.0,1,2,0.06,0,21,0
route_n7,stop_04,3,26.7,27.0,2,2,0.04,0,53,1
route_n9,stop_09,3,20.2,11.4,1,2,0.07,1,61,1
route_n12,stop_04,21,14.1,4.0,2,2,0.04,1,13,0
route_n7,stop_03,2,19.5,5.9,1,2,0.06,0,51,1
route_n4,stop_04,21,18.1,5.7,2,2,0.04,0,7,0
route_n1,stop_01,23,15.0,13.6,1,2,0.08,1,44,1
route_n9,stop_05,1,11.5,8.3,2,2,0.05,0,45,1
route_n7,stop_08,22,14.0,6.4,0,1,0.22,0,58,1
route_n4,stop_02,2,14.0,18.7,2,1,0.14,0,64,1
route_n7,stop_07,2,19.8,19.4,1,2,0.09,0,64,1
route_n7,stop_03,0,18.9,0.6,1,2,0.06,0,31,0
route_n12,stop_04,21,15.0,12.8,2,2,0.04,0,10,0
route_n12,stop_07,22,14.5,4.0,1,2,0.09,1,23,0
route_n12,stop_11,0,23.0,3.2,0,1,0.19,0,66,2
route_n4,stop_10,5,16.1,1.8,0,0,0.28,1,72,2
route_n7,stop_04,0,17.1,6.9,2,2,0.04,1,30,0
route_n1,stop_05,22,16.5,14.2,2,2,0.05,0,12,0
route_n9,stop_12,0,11.5,4.9,1,2,0.06,1,34,0
route_n12,stop_04,0,17.6,14.4,2,2,0.04,0,33,0
route_n12,stop_07,2,16.8,1.6,1,2,0.09,0,48,1
route_n7,stop_04,21,17.9,4.2,2,2,0.04,0,9,0
route_n7,stop_07,2,40.9,48.0,1,2,0.09,2,89,2
route_n4,stop_07,0,12.9,15.3,1,2,0.09,1,40,1
route_n4,stop_10,5,12.7,1.5,0,0,0.28,0,73,2
route_n12,stop_07,23,17.8,7.2,1,2,0.09,1,43,1
route_n7,stop_07,0,16.2,2.8,1,2,0.09,0,40,1
route_n1,stop_04,4,6.1,3.4,2,2,0.04,0,32,0
route_n9,stop_09,21,12.7,9.8,1,2,0.07,0,24,0
route_n7,stop_08,4,23.6,9.6,0,1,0.22,2,95,2
route_n7,stop_03,1,17.4,4.0,1,2,0.06,0,51,1
route_n4,stop_04,21,18.0,16.6,2,2,0.04,1,13,0
route_n9,stop_05,23,12.2,9.3,2,2,0.05,0,23,0
route_n12,stop_07,1,17.4,7.5,1,2,0.09,2,55,1
route_n7,stop_03,21,15.0,4.5,1,2,0.06,0,22,0
route_n12,stop_07,0,27.9,9.7,1,2,0.09,0,33,0
route_n7,stop_07,23,25.4,8.5,1,2,0.09,1,37,1
route_n12,stop_07,0,19.7,6.9,1,2,0.09,0,40,1
route_n9,stop_05,21,11.5,4.6,2,2,0.05,0,6,0
route_n4,stop_07,3,17.4,3.0,1,2,0.09,1,51,1
route_n9,stop_05,5,14.4,10.9,2,2,0.05,2,23,0
route_n1,stop_05,5,11.5,5.1,2,2,0.05,0,9,0
route_n4,stop_02,1,9.7,2.2,2,1,0.14,0,56,1
route_n9,stop_09,21,17.2,9.4,1,2,0.07,1,27,0
route_n1,stop_01,1,26.1,42.0,1,2,0.08,0,82,2
route_n7,stop_08,21,27.3,19.1,0,1,0.22,0,63,1
route_n7,stop_03,21,20.4,3.0,1,2,0.06,0,27,0
route_n12,stop_11,23,13.5,1.5,0,1,0.19,3,74,2
route_n4,stop_04,0,17.6,7.6,2,2,0.04,0,17,0
route_n7,stop_07,2,20.3,1.9,1,2,0.09,1,56,1
route_n4,stop_10,1,27.1,42.4,0,0,0.28,2,96,2
route_n7,stop_08,23,10.9,2.1,0,1,0.22,3,71,2
route_n12,stop_11,22,9.8,1.9,0,1,0.19,0,47,1
route_n9,stop_05,5,11.6,3.4,2,2,0.05,0,7,0
route_n12,stop_11,23,17.3,5.0,0,1,0.19,2,75,2
route_n1,stop_04,23,16.1,16.5,2,2,0.04,1,22,0
route_n7,stop_03,22,11.9,4.0,1,2,0.06,1,27,0
route_n1,stop_02,2,13.4,2.9,2,1,0.14,0,52,1
route_n1,stop_01,1,8.7,4.8,1,2,0.08,1,48,1
route_n4,stop_10,22,10.6,4.6,0,0,0.28,4,87,2
route_n7,stop_04,21,15.1,1.0,2,2,0.04,0,6,0
route_n1,stop_01,1,14.9,14.8,1,2,0.08,0,60,1
route_n9,stop_09,1,12.9,13.0,1,2,0.07,0,55,1
route_n1,stop_09,22,10.2,8.2,1,2,0.07,0,22,0
route_n9,stop_09,5,14.4,18.0,1,2,0.07,0,28,0
route_n4,stop_07,22,20.9,15.8,1,2,0.09,0,31,0
route_n1,stop_05,23,23.6,30.4,2,2,0.05,0,35,1
route_n12,stop_07,4,18.0,1.8,1,2,0.09,0,47,1
route_n4,stop_10,23,15.2,1.5,0,0,0.28,0,84,2
route_n9,stop_05,0,14.8,3.7,2,2,0.05,0,20,0
route_n4,stop_10,23,17.0,23.4,0,0,0.28,2,96,2
route_n1,stop_04,22,22.5,23.3,2,2,0.04,1,27,0
route_n7,stop_04,5,24.9,12.7,2,2,0.04,0,14,0
route_n7,stop_07,23,11.0,1.2,1,2,0.09,2,39,1
route_n9,stop_05,3,25.8,46.0,2,2,0.05,0,59,1
route_n9,stop_05,22,8.2,3.6,2,2,0.05,0,8,0
route_n7,stop_07,22,9.6,0.1,1,2,0.09,0,20,0
route_n9,stop_05,21,15.0,3.8,2,2,0.05,1,15,0
route_n4,stop_07,1,11.9,0.7,1,2,0.09,1,50,1
route_n12,stop_04,23,26.4,8.2,2,2,0.04,1,27,0
route_n12,stop_11,3,25.0,6.4,0,1,0.19,0,88,2
route_n4,stop_02,23,15.9,6.7,2,1,0.14,1,45,1
route_n12,stop_11,5,23.8,6.2,0,1,0.19,0,53,1
route_n1,stop_05,22,9.9,13.2,2,2,0.05,1,20,0
route_n4,stop_07,3,16.5,16.9,1,2,0.09,1,55,1
route_n9,stop_05,2,15.8,8.9,2,2,0.05,0,42,1
route_n4,stop_07,2,16.8,26.7,1,2,0.09,1,62,1
route_n7,stop_04,3,22.7,36.8,2,2,0.04,0,62,1
route_n9,stop_06,2,15.4,2.0,0,0,0.32,4,96,2
route_n7,stop_08,0,20.9,7.9,0,1,0.22,1,78,2
route_n9,stop_09,21,9.1,2.2,1,2,0.07,0,18,0
route_n12,stop_11,21,21.5,0.3,0,1,0.19,3,61,1
route_n4,stop_10,4,18.4,7.2,0,0,0.28,3,96,2
route_n1,stop_09,0,15.5,20.7,1,2,0.07,0,45,1
route_n9,stop_06,2,6.9,2.8,0,0,0.32,2,96,2
route_n9,stop_09,0,22.4,17.4,1,2,0.07,0,40,1
route_n7,stop_07,21,17.7,12.5,1,2,0.09,2,36,1
route_n12,stop_07,21,17.3,16.0,1,2,0.09,0,23,0
route_n7,stop_07,1,16.8,4.8,1,2,0.09,0,50,1
route_n7,stop_07,23,28.8,24.4,1,2,0.09,0,59,1
route_n12,stop_11,22,14.0,2.5,0,1,0.19,0,48,1
route_n1,stop_09,0,10.3,8.4,1,2,0.07,2,46,1
route_n7,stop_04,21,11.3,0.3,2,2,0.04,0,5,0
route_n7,stop_04,0,22.6,0.5,2,2,0.04,0,22,0
route_n9,stop_05,22,10.9,8.3,2,2,0.05,0,12,0
route_n12,stop_11,2,23.0,9.2,0,1,0.19,0,90,2
route_n4,stop_02,23,18.3,3.1,2,1,0.14,0,39,1
route_n1,stop_05,23,6.7,2.2,2,2,0.05,0,25,0
route_n1,stop_01,21,16.1,7.2,1,2,0.08,1,25,0
route_n12,stop_04,21,26.1,0.0,2,2,0.04,0,9,0
route_n9,stop_12,23,21.8,17.0,1,2,0.06,0,43,1
route_n9,stop_09,23,8.1,0.9,1,2,0.07,2,34,0
route_n12,stop_07,0,21.3,2.2,1,2,0.09,0,34,0
route_n9,stop_05,22,14.9,3.2,2,2,0.05,0,8,0
route_n1,stop_09,1,17.5,10.3,1,2,0.07,0,52,1
route_n1,stop_02,3,8.8,6.8,2,1,0.14,1,67,2
route_n4,stop_10,2,17.6,6.0,0,0,0.28,1,96,2
route_n12,stop_07,21,23.7,21.6,1,2,0.09,0,37,1
route_n7,stop_07,0,14.4,10.7,1,2,0.09,1,45,1
route_n7,stop_07,21,13.9,0.2,1,2,0.09,1,23,0
route_n4,stop_07,22,17.0,3.7,1,2,0.09,0,19,0
route_n4,stop_02,5,17.0,13.5,2,1,0.14,1,32,0
route_n9,stop_05,22,12.1,2.3,2,2,0.05,0,5,0
route_n4,stop_04,0,18.3,1.0,2,2,0.04,0,13,0
route_n4,stop_04,0,16.7,14.8,2,2,0.04,0,23,0
route_n7,stop_04,1,22.5,14.5,2,2,0.04,0,39,1
route_n9,stop_09,0,12.9,8.8,1,2,0.07,0,40,1
route_n4,stop_10,21,10.9,0.4,0,0,0.28,1,73,2
route_n4,stop_10,23,15.0,1.6,0,0,0.28,2,92,2
route_n9,stop_09,0,19.6,10.1,1,2,0.07,2,47,1
route_n12,stop_04,21,19.4,1.5,2,2,0.04,1,12,0
route_n9,stop_12,23,16.6,7.3,1,2,0.06,1,44,1
route_n7,stop_07,21,10.9,5.1,1,2,0.09,0,19,0
route_n12,stop_04,21,13.7,2.2,2,2,0.04,0,7,0
route_n1,stop_09,23,21.3,30.8,1,2,0.07,0,52,1
route_n9,stop_05,21,10.4,12.0,2,2,0.05,0,6,0
route_n7,stop_07,0,16.6,13.3,1,2,0.09,1,54,1
route_n12,stop_04,1,18.8,1.3,2,2,0.04,0,36,1
route_n9,stop_06,2,6.3,1.8,0,0,0.32,2,96,2
route_n4,stop_02,22,10.9,4.4,2,1,0.14,0,30,0
route_n9,stop_06,22,11.4,1.1,0,0,0.32,1,77,2
route_n1,stop_02,21,19.6,24.9,2,1,0.14,0,38,1
route_n9,stop_06,0,16.1,1.8,0,0,0.32,1,88,2
route_n12,stop_07,1,24.8,10.4,1,2,0.09,1,55,1
route_n12,stop_11,21,17.6,2.9,0,1,0.19,1,54,1
route_n9,stop_12,4,18.1,6.6,1,2,0.06,0,53,1
route_n12,stop_04,21,23.5,0.9,2,2,0.04,0,10,0
route_n4,stop_10,0,10.8,5.9,0,0,0.28,1,91,2
route_n9,stop_05,1,8.8,5.0,2,2,0.05,0,35,1
route_n4,stop_07,3,27.7,34.1,1,2,0.09,0,65,2
route_n4,stop_07,1,13.0,0.6,1,2,0.09,0,52,1
route_n7,stop_03,2,34.6,38.2,1,2,0.06,0,77,2
route_n9,stop_12,23,20.8,18.6,1,2,0.06,0,46,1
route_n12,stop_07,2,22.5,5.5,1,2,0.09,0,53,1
route_n4,stop_02,21,21.9,10.1,2,1,0.14,0,35,1
route_n7,stop_07,3,15.7,0.5,1,2,0.09,1,65,2
route_n9,stop_05,0,20.8,35.4,2,2,0.05,0,39,1
route_n9,stop_12,2,19.0,11.7,1,2,0.06,1,53,1
route_n1,stop_01,23,8.3,3.8,1,2,0.08,0,30,0
route_n1,stop_09,1,14.3,7.0,1,2,0.07,0,53,1
route_n4,stop_07,0,17.8,0.7,1,2,0.09,0,28,0
route_n1,stop_01,1,30.0,48.0,1,2,0.08,0,77,2
route_n4,stop_10,21,13.3,0.3,0,0,0.28,0,69,2
route_n12,stop_07,21,20.0,6.9,1,2,0.09,0,30,0
route_n4,stop_10,22,11.9,3.8,0,0,0.28,2,81,2
route_n1,stop_02,22,15.4,19.3,2,1,0.14,4,51,1
route_n12,stop_11,3,22.2,4.4,0,1,0.19,0,76,2
route_n1,stop_01,22,13.2,4.9,1,2,0.08,0,25,0
route_n4,stop_02,5,15.9,4.3,2,1,0.14,3,39,1
route_n7,stop_03,23,15.5,12.6,1,2,0.06,0,39,1
route_n9,stop_05,22,10.9,0.5,2,2,0.05,0,5,0
route_n1,stop_04,2,13.0,3.4,2,2,0.04,0,33,0
route_n4,stop_02,1,13.2,3.8,2,1,0.14,1,54,1
route_n12,stop_11,0,24.2,13.9,0,1,0.19,3,76,2
route_n1,stop_05,0,12.3,2.2,2,2,0.05,1,23,0
route_n1,stop_05,1,15.8,13.3,2,2,0.05,1,43,1
route_n9,stop_05,22,10.5,1.6,2,2,0.05,0,15,0
route_n4,stop_04,5,21.9,12.9,2,2,0.04,0,13,0
route_n7,stop_07,5,17.3,18.5,1,2,0.09,1,38,1
route_n12,stop_04,1,31.5,11.4,2,2,0.04,0,39,1
route_n4,stop_10,22,8.5,2.8,0,0,0.28,2,73,2
route_n12,stop_04,1,10.9,4.2,2,2,0.04,0,36,1
route_n1,stop_02,21,12.6,0.3,2,1,0.14,0,20,0
route_n9,stop_09,21,8.8,2.0,1,2,0.07,3,27,0
route_n9,stop_05,22,16.0,6.9,2,2,0.05,0,9,0
route_n7,stop_07,23,22.8,7.9,1,2,0.09,0,38,1
route_n9,stop_06,3,32.7,45.0,0,0,0.32,1,96,2
route_n1,stop_04,1,16.6,7.9,2,2,0.04,0,40,1
route_n7,stop_08,1,19.3,18.5,0,1,0.22,0,93,2
route_n4,stop_02,23,17.3,7.0,2,1,0.14,1,46,1
route_n9,stop_06,23,9.6,7.5,0,0,0.32,0,88,2
route_n7,stop_07,23,14.9,3.2,1,2,0.09,2,41,1
route_n1,stop_04,5,13.7,3.9,2,2,0.04,0,6,0
route_n12,stop_07,21,17.3,4.1,1,2,0.09,2,30,0
route_n12,stop_04,3,27.3,19.1,2,2,0.04,0,51,1
route_n1,stop_04,0,20.8,29.4,2,2,0.04,0,39,1
route_n1,stop_01,23,12.0,4.2,1,2,0.08,1,36,1
route_n12,stop_11,1,26.8,0.7,0,1,0.19,1,89,2
route_n7,stop_07,0,11.2,7.1,1,2,0.09,0,35,1
route_n12,stop_11,3,24.3,12.3,0,1,0.19,1,91,2
route_n1,stop_09,4,12.7,1.2,1,2,0.07,1,50,1
route_n9,stop_05,23,16.6,14.9,2,2,0.05,0,26,0
route_n4,stop_02,22,17.9,27.3,2,1,0.14,0,44,1
route_n9,stop_09,0,23.6,30.3,1,2,0.07,0,50,1
route_n9,stop_12,4,9.5,1.4,1,2,0.06,0,47,1
route_n1,stop_05,22,11.3,13.5,2,2,0.05,0,7,0
route_n12,stop_04,0,29.4,12.7,2,2,0.04,0,27,0
route_n7,stop_04,0,17.8,6.3,2,2,0.04,0,21,0
route_n9,stop_06,1,20.3,12.1,0,0,0.32,1,96,2
route_n12,stop_11,21,28.4,12.3,0,1,0.19,1,64,1
route_n7,stop_08,1,22.0,10.2,0,1,0.22,3,96,2
route_n9,stop_09,4,6.7,3.0,1,2,0.07,2,54,1
route_n7,stop_04,22,15.7,4.4,2,2,0.04,0,8,0
route_n12,stop_11,22,14.8,5.6,0,1,0.19,1,53,1
route_n4,stop_02,5,17.5,1.4,2,1,0.14,1,28,0
route_n12,stop_04,22,18.1,15.0,2,2,0.04,0,14,0
route_n1,stop_01,3,14.1,17.5,1,2,0.08,0,61,1
route_n7,stop_03,0,19.4,10.4,1,2,0.06,0,39,1
route_n4,stop_02,22,9.4,0.7,2,1,0.14,0,21,0
route_n7,stop_07,3,16.4,14.5,1,2,0.09,2,65,2
route_n7,stop_07,23,17.0,1.3,1,2,0.09,1,43,1
route_n9,stop_05,0,6.7,0.9,2,2,0.05,0,20,0
route_n1,stop_04,23,8.1,7.8,2,2,0.04,2,30,0
route_n7,stop_03,0,15.2,5.4,1,2,0.06,0,37,1
route_n12,stop_11,22,24.3,5.8,0,1,0.19,0,61,1
route_n12,stop_07,23,19.4,1.0,1,2,0.09,0,38,1
route_n9,stop_09,5,11.4,3.7,1,2,0.07,0,22,0
route_n1,stop_02,22,10.1,1.2,2,1,0.14,1,31,0
route_n1,stop_02,1,27.0,48.0,2,1,0.14,0,77,2
route_n12,stop_11,23,29.3,8.6,0,1,0.19,0,66,2
route_n4,stop_10,2,13.9,18.1,0,0,0.28,3,96,2
route_n9,stop_06,21,13.7,2.6,0,0,0.32,1,75,2
route_n9,stop_06,5,15.3,0.6,0,0,0.32,4,83,2
route_n12,stop_11,23,38.9,38.7,0,1,0.19,3,96,2
route_n12,stop_11,22,13.2,2.2,0,1,0.19,1,48,1
route_n4,stop_04,21,11.0,3.6,2,2,0.04,0,5,0
route_n4,stop_07,22,17.3,6.8,1,2,0.09,0,22,0
route_n1,stop_05,0,5.4,0.3,2,2,0.05,0,11,0
route_n9,stop_09,23,21.1,17.3,1,2,0.07,0,47,1
route_n9,stop_06,2,18.0,12.0,0,0,0.32,4,96,2
route_n12,stop_04,23,23.5,3.4,2,2,0.04,0,20,0
route_n1,stop_02,22,5.6,0.4,2,1,0.14,1,29,0
route_n9,stop_06,0,13.9,1.8,0,0,0.32,0,86,2
route_n1,stop_04,1,24.7,35.2,2,2,0.04,0,51,1
route_n1,stop_01,22,15.0,7.5,1,2,0.08,0,26,0
route_n12,stop_11,22,10.5,1.9,0,1,0.19,1,55,1
route_n1,stop_05,21,4.9,0.4,2,2,0.05,0,12,0
route_n4,stop_10,1,17.8,18.3,0,0,0.28,1,96,2
route_n4,stop_02,1,13.1,13.3,2,1,0.14,1,62,1
route_n7,stop_08,23,18.0,5.4,0,1,0.22,2,72,2
route_n12,stop_07,3,28.4,7.1,1,2,0.09,0,53,1
route_n7,stop_07,2,14.9,3.8,1,2,0.09,0,48,1
route_n4,stop_02,0,20.7,11.5,2,1,0.14,1,53,1
route_n7,stop_04,3,26.7,48.0,2,2,0.04,0,62,1
route_n12,stop_04,22,12.6,1.3,2,2,0.04,0,8,0
route_n12,stop_04,21,11.9,5.9,2,2,0.04,0,13,0
route_n1,stop_05,22,8.9,3.6,2,2,0.05,0,5,0
route_n9,stop_09,21,16.7,3.8,1,2,0.07,0,26,0
route_n1,stop_09,0,6.6,3.0,1,2,0.07,0,31,0
route_n12,stop_07,4,24.4,11.3,1,2,0.09,0,58,1
route_n4,stop_04,21,13.1,4.3,2,2,0.04,0,5,0
route_n4,stop_02,21,19.3,5.1,2,1,0.14,1,29,0
route_n1,stop_04,23,7.1,3.8,2,2,0.04,1,24,0
route_n12,stop_07,4,13.3,1.3,1,2,0.09,0,57,1
route_n4,stop_02,23,6.7,0.9,2,1,0.14,1,42,1
route_n12,stop_07,0,22.0,13.0,1,2,0.09,2,53,1
route_n4,stop_10,21,9.9,1.4,0,0,0.28,1,71,2
route_n12,stop_11,22,27.7,7.6,0,1,0.19,1,59,1
route_n7,stop_03,5,17.9,3.2,1,2,0.06,0,18,0
route_n12,stop_11,5,21.5,3.5,0,1,0.19,1,56,1
route_n12,stop_04,21,20.2,4.1,2,2,0.04,1,5,0
route_n1,stop_01,5,6.5,3.0,1,2,0.08,0,16,0
route_n7,stop_03,0,14.6,1.1,1,2,0.06,1,33,0
route_n9,stop_12,3,18.5,5.8,1,2,0.06,0,51,1
route_n1,stop_05,23,16.5,11.3,2,2,0.05,0,26,0
route_n9,stop_06,0,19.6,11.4,0,0,0.32,4,96,2
route_n4,stop_07,0,17.3,3.5,1,2,0.09,1,38,1
route_n9,stop_12,1,10.4,9.6,1,2,0.06,0,49,1
route_n12,stop_04,21,13.7,1.4,2,2,0.04,0,5,0
route_n9,stop_09,21,6.0,1.5,1,2,0.07,0,15,0
route_n1,stop_04,23,7.3,0.2,2,2,0.04,0,13,0
route_n1,stop_04,1,19.6,35.4,2,2,0.04,0,56,1
route_n9,stop_06,22,11.1,1.5,0,0,0.32,1,77,2
route_n1,stop_05,1,12.2,4.0,2,2,0.05,0,39,1
route_n1,stop_05,5,13.2,2.1,2,2,0.05,0,9,0
route_n9,stop_06,21,13.9,0.9,0,0,0.32,0,70,2
route_n7,stop_07,1,27.9,15.9,1,2,0.09,0,58,1
route_n7,stop_07,23,8.6,0.8,1,2,0.09,0,29,0
route_n4,stop_02,3,7.0,2.2,2,1,0.14,1,50,1
route_n1,stop_01,22,13.1,6.7,1,2,0.08,0,26,0
route_n9,stop_05,1,11.1,6.5,2,2,0.05,0,37,1
route_n1,stop_04,2,14.5,19.2,2,2,0.04,0,40,1
route_n12,stop_11,4,17.1,5.3,0,1,0.19,0,79,2
route_n1,stop_05,1,8.8,4.6,2,2,0.05,0,33,0
route_n1,stop_02,0,13.5,10.9,2,1,0.14,2,49,1
route_n7,stop_08,0,14.6,1.3,0,1,0.22,1,72,2
route_n9,stop_05,3,15.7,12.0,2,2,0.05,0,40,1
route_n1,stop_04,0,13.0,6.0,2,2,0.04,0,13,0
route_n7,stop_08,21,14.1,2.0,0,1,0.22,1,55,1
route_n4,stop_04,4,11.4,6.0,2,2,0.04,1,40,1
route_n7,stop_03,1,22.8,32.0,1,2,0.06,0,65,2
route_n7,stop_03,1,31.9,48.0,1,2,0.06,0,74,2
route_n7,stop_07,22,21.1,6.1,1,2,0.09,0,25,0
route_n1,stop_09,1,14.6,8.1,1,2,0.07,1,56,1
route_n1,stop_02,23,11.6,2.7,2,1,0.14,0,37,1
route_n4,stop_10,1,10.6,4.6,0,0,0.28,4,96,2
route_n12,stop_07,21,21.3,4.2,1,2,0.09,1,26,0
route_n12,stop_11,1,22.1,7.1,0,1,0.19,2,90,2
route_n12,stop_07,5,24.1,15.9,1,2,0.09,1,39,1
route_n4,stop_04,21,13.8,3.0,2,2,0.04,0,9,0
route_n12,stop_11,5,19.1,3.0,0,1,0.19,0,56,1
route_n12,stop_07,23,21.2,5.0,1,2,0.09,1,45,1
route_n7,stop_08,3,29.6,28.3,0,1,0.22,1,96,2
route_n1,stop_04,2,12.0,16.4,2,2,0.04,1,49,1
route_n1,stop_01,0,15.2,9.9,1,2,0.08,2,39,1
route_n7,stop_03,1,12.1,6.3,1,2,0.06,0,51,1
route_n7,stop_07,3,19.1,26.6,1,2,0.09,2,70,2
route_n7,stop_04,23,22.3,0.4,2,2,0.04,0,26,0
route_n1,stop_04,23,21.6,21.3,2,2,0.04,1,38,1
route_n12,stop_11,1,14.6,11.2,0,1,0.19,2,90,2
route_n7,stop_04,2,17.3,7.9,2,2,0.04,0,40,1
route_n4,stop_02,2,12.5,10.7,2,1,0.14,2,65,2
route_n7,stop_04,2,21.7,17.2,2,2,0.04,0,47,1
route_n9,stop_12,23,14.4,0.1,1,2,0.06,1,31,0
route_n7,stop_04,2,34.6,32.0,2,2,0.04,0,57,1
route_n1,stop_05,21,11.7,3.8,2,2,0.05,1,10,0
route_n7,stop_03,0,14.6,4.4,1,2,0.06,1,38,1
route_n9,stop_12,21,12.3,1.0,1,2,0.06,0,16,0
route_n4,stop_10,23,12.1,6.0,0,0,0.28,3,92,2
route_n12,stop_04,23,28.2,7.1,2,2,0.04,1,33,0
route_n7,stop_08,23,22.7,5.4,0,1,0.22,1,69,2
route_n9,stop_12,1,18.5,17.7,1,2,0.06,0,54,1
route_n9,stop_05,23,11.2,5.7,2,2,0.05,0,21,0
route_n4,stop_07,23,23.1,33.9,1,2,0.09,0,50,1
route_n1,stop_05,22,7.2,5.9,2,2,0.05,0,5,0
route_n7,stop_07,23,26.6,17.1,1,2,0.09,0,45,1
route_n9,stop_05,22,10.6,0.8,2,2,0.05,0,5,0
route_n4,stop_07,21,11.2,3.3,1,2,0.09,1,21,0
route_n12,stop_11,0,19.2,4.3,0,1,0.19,2,81,2
route_n9,stop_12,1,19.5,13.1,1,2,0.06,0,57,1
route_n4,stop_02,0,15.7,20.5,2,1,0.14,0,45,1
route_n1,stop_01,23,12.5,0.8,1,2,0.08,2,40,1
route_n1,stop_01,23,12.9,0.8,1,2,0.08,1,38,1
route_n9,stop_09,3,27.5,29.6,1,2,0.07,0,70,2
route_n9,stop_12,0,10.7,2.5,1,2,0.06,1,35,1
route_n7,stop_04,23,15.4,11.5,2,2,0.04,0,28,0
route_n4,stop_02,21,12.5,5.1,2,1,0.14,1,22,0
route_n9,stop_12,23,16.4,18.6,1,2,0.06,0,38,1
route_n7,stop_04,23,10.7,1.4,2,2,0.04,1,22,0
route_n7,stop_04,23,17.2,1.4,2,2,0.04,0,21,0
route_n9,stop_05,0,13.9,8.5,2,2,0.05,0,20,0
route_n1,stop_05,0,24.5,30.4,2,2,0.05,0,38,1
route_n4,stop_10,0,8.6,5.6,0,0,0.28,1,84,2
route_n4,stop_07,2,16.2,6.2,1,2,0.09,0,51,1
route_n1,stop_02,2,17.2,14.6,2,1,0.14,0,65,2
route_n9,stop_05,1,30.2,41.6,2,2,0.05,1,67,2
route_n4,stop_04,5,21.4,11.8,2,2,0.04,1,13,0
route_n9,stop_09,21,27.3,35.1,1,2,0.07,0,37,1
route_n9,stop_05,22,15.5,0.1,2,2,0.05,0,5,0
route_n7,stop_08,21,12.8,0.8,0,1,0.22,3,62,1
route_n1,stop_02,1,14.9,14.7,2,1,0.14,1,62,1
route_n9,stop_06,3,16.3,26.8,0,0,0.32,2,96,2
route_n12,stop_11,22,10.0,2.2,0,1,0.19,1,55,1
route_n1,stop_01,4,7.4,1.8,1,2,0.08,0,49,1
route_n4,stop_07,21,11.2,10.1,1,2,0.09,1,23,0
route_n7,stop_03,4,11.6,0.4,1,2,0.06,2,58,1
route_n4,stop_10,23,10.0,4.8,0,0,0.28,1,76,2
route_n4,stop_07,21,8.2,4.6,1,2,0.09,1,27,0
route_n1,stop_02,0,16.1,8.5,2,1,0.14,0,45,1
route_n4,stop_04,22,9.5,8.5,2,2,0.04,0,7,0
route_n9,stop_05,22,14.5,2.8,2,2,0.05,0,12,0
route_n4,stop_04,23,11.8,9.9,2,2,0.04,0,22,0
route_n7,stop_07,2,26.7,13.7,1,2,0.09,0,59,1
route_n7,stop_04,0,24.2,8.2,2,2,0.04,1,30,0
route_n12,stop_11,23,25.0,10.6,0,1,0.19,0,82,2
route_n7,stop_04,0,18.8,3.1,2,2,0.04,0,26,0
route_n4,stop_04,1,6.6,1.4,2,2,0.04,1,39,1
route_n7,stop_08,22,22.6,0.8,0,1,0.22,1,54,1
route_n1,stop_02,23,13.4,2.6,2,1,0.14,1,42,1
route_n7,stop_07,21,22.7,4.5,1,2,0.09,0,21,0
route_n9,stop_05,22,17.3,11.9,2,2,0.05,1,19,0
route_n1,stop_04,1,15.1,18.8,2,2,0.04,0,45,1
route_n12,stop_11,22,29.1,10.1,0,1,0.19,2,62,1
route_n9,stop_05,0,10.3,4.5,2,2,0.05,1,24,0
route_n4,stop_04,1,16.0,8.1,2,2,0.04,0,36,1
route_n4,stop_04,21,8.5,3.3,2,2,0.04,0,6,0
route_n4,stop_07,0,17.9,2.2,1,2,0.09,0,31,0
route_n9,stop_09,22,7.1,0.4,1,2,0.07,0,17,0
route_n9,stop_06,5,10.1,5.8,0,0,0.32,0,75,2
route_n9,stop_12,0,30.3,47.1,1,2,0.06,0,59,1
route_n1,stop_09,2,12.5,2.8,1,2,0.07,0,47,1
route_n1,stop_01,0,10.3,0.5,1,2,0.08,0,32,0
route_n4,stop_07,21,12.7,9.8,1,2,0.09,0,27,0
route_n7,stop_07,0,8.7,3.0,1,2,0.09,0,29,0
route_n4,stop_10,5,19.7,11.5,0,0,0.28,1,80,2
route_n12,stop_07,0,31.8,12.7,1,2,0.09,2,55,1
route_n1,stop_05,2,29.9,45.4,2,2,0.05,0,64,1
route_n9,stop_05,3,13.7,8.2,2,2,0.05,1,42,1
route_n1,stop_01,22,15.5,7.1,1,2,0.08,0,25,0
route_n9,stop_12,22,11.5,4.1,1,2,0.06,1,25,0
route_n12,stop_07,0,22.6,10.4,1,2,0.09,0,43,1
route_n12,stop_11,23,20.1,6.2,0,1,0.19,2,68,2
route_n1,stop_09,2,9.8,3.3,1,2,0.07,0,43,1
route_n9,stop_12,4,15.6,4.6,1,2,0.06,0,53,1
route_n12,stop_07,23,21.6,7.8,1,2,0.09,1,37,1
route_n4,stop_02,22,14.1,10.8,2,1,0.14,0,31,0
route_n4,stop_07,2,17.4,20.7,1,2,0.09,1,62,1
route_n9,stop_06,22,8.6,7.1,0,0,0.32,0,69,2
route_n1,stop_04,2,10.5,1.9,2,2,0.04,0,35,1
route_n12,stop_04,23,18.5,13.3,2,2,0.04,0,27,0
route_n1,stop_05,1,10.2,10.8,2,2,0.05,0,47,1
route_n4,stop_10,21,19.7,14.6,0,0,0.28,3,85,2
route_n12,stop_11,0,31.8,26.3,0,1,0.19,1,90,2
route_n1,stop_04,23,11.5,0.6,2,2,0.04,0,19,0
route_n7,stop_03,0,22.2,17.9,1,2,0.06,1,44,1
route_n9,stop_12,22,15.1,0.2,1,2,0.06,0,21,0
route_n9,stop_06,1,18.4,7.1,0,0,0.32,2,96,2
route_n7,stop_07,3,24.5,12.2,1,2,0.09,0,57,1
route_n4,stop_10,22,14.0,1.0,0,0,0.28,2,77,2
route_n12,stop_07,21,18.0,8.9,1,2,0.09,0,23,0
route_n9,stop_09,21,16.1,0.1,1,2,0.07,0,16,0
route_n7,stop_03,1,12.8,2.9,1,2,0.06,1,54,1
route_n7,stop_08,0,14.1,9.0,0,1,0.22,0,68,2
route_n4,stop_10,0,16.5,13.0,0,0,0.28,2,95,2
route_n4,stop_02,22,13.2,16.2,2,1,0.14,0,33,0
route_n1,stop_09,23,18.4,12.7,1,2,0.07,0,40,1
route_n9,stop_12,0,16.4,11.6,1,2,0.06,0,33,0
route_n1,stop_09,0,11.6,5.2,1,2,0.07,0,38,1
route_n7,stop_03,5,17.3,0.0,1,2,0.06,0,19,0
route_n12,stop_07,21,18.3,0.8,1,2,0.09,1,24,0
route_n12,stop_04,1,14.3,11.9,2,2,0.04,0,42,1
route_n4,stop_10,23,18.0,11.7,0,0,0.28,2,96,2
route_n12,stop_04,23,24.1,5.6,2,2,0.04,2,33,0
route_n12,stop_11,1,24.7,20.5,0,1,0.19,0,94,2
route_n12,stop_04,1,27.2,11.5,2,2,0.04,0,46,1
route_n7,stop_07,5,11.1,0.5,1,2,0.09,1,27,0
route_n12,stop_07,21,13.5,1.4,1,2,0.09,2,30,0
route_n12,stop_04,21,16.7,11.9,2,2,0.04,0,12,0
route_n12,stop_04,1,23.7,20.1,2,2,0.04,0,43,1
route_n1,stop_05,0,21.5,23.4,2,2,0.05,0,38,1
route_n7,stop_04,22,20.2,0.8,2,2,0.04,0,6,0
route_n4,stop_10,21,22.6,30.1,0,0,0.28,3,95,2
route_n1,stop_05,21,10.4,1.5,2,2,0.05,0,5,0
route_n9,stop_09,3,13.3,0.2,1,2,0.07,0,49,1
route_n7,stop_03,22,26.6,38.7,1,2,0.06,0,42,1
route_n7,stop_04,23,11.4,3.4,2,2,0.04,0,14,0
route_n9,stop_05,22,18.8,7.2,2,2,0.05,0,12,0
route_n9,stop_09,23,12.9,2.0,1,2,0.07,0,30,0
route_n9,stop_09,21,18.2,5.6,1,2,0.07,0,32,0
route_n4,stop_07,0,19.8,24.4,1,2,0.09,0,45,1
route_n12,stop_11,21,22.7,2.5,0,1,0.19,2,59,1
route_n7,stop_03,2,17.8,17.3,1,2,0.06,0,54,1
route_n12,stop_07,22,14.3,1.4,1,2,0.09,0,25,0
route_n12,stop_04,0,22.3,10.2,2,2,0.04,0,24,0
route_n9,stop_12,3,11.4,6.4,1,2,0.06,1,51,1
route_n4,stop_07,1,9.5,3.7,1,2,0.09,1,55,1
route_n1,stop_09,0,8.4,3.9,1,2,0.07,0,27,0
route_n4,stop_02,23,7.2,2.0,2,1,0.14,1,42,1
route_n12,stop_04,23,31.3,24.1,2,2,0.04,0,41,1
route_n4,stop_02,1,15.1,7.9,2,1,0.14,2,66,2
route_n9,stop_06,5,7.1,1.8,0,0,0.32,0,71,2
route_n1,stop_05,1,9.8,9.3,2,2,0.05,0,41,1
route_n9,stop_06,0,8.1,4.0,0,0,0.32,3,96,2
route_n1,stop_02,1,18.5,21.3,2,1,0.14,1,73,2
route_n12,stop_04,23,25.5,36.9,2,2,0.04,0,42,1
route_n1,stop_01,21,12.8,3.7,1,2,0.08,3,34,0
route_n1,stop_09,0,12.9,20.5,1,2,0.07,1,42,1
route_n1,stop_04,5,8.9,5.4,2,2,0.04,0,10,0
route_n4,stop_07,22,17.1,1.1,1,2,0.09,1,21,0
route_n4,stop_10,1,21.9,18.3,0,0,0.28,2,96,2
route_n12,stop_04,22,12.2,4.7,2,2,0.04,0,5,0
route_n1,stop_02,0,16.3,10.9,2,1,0.14,0,44,1
route_n7,stop_03,21,20.6,14.3,1,2,0.06,0,25,0
route_n12,stop_07,23,26.6,6.0,1,2,0.09,0,43,1
route_n1,stop_09,1,24.3,36.1,1,2,0.07,1,74,2
route_n1,stop_02,23,16.4,14.4,2,1,0.14,0,49,1
route_n4,stop_04,1,22.1,10.5,2,2,0.04,0,38,1
route_n12,stop_07,2,18.9,14.4,1,2,0.09,2,68,2
route_n1,stop_04,4,11.2,2.6,2,2,0.04,0,42,1
route_n1,stop_04,22,19.3,26.7,2,2,0.04,0,23,0
route_n12,stop_04,23,14.3,11.4,2,2,0.04,0,27,0
route_n7,stop_03,22,7.8,0.3,1,2,0.06,0,17,0
route_n12,stop_04,5,12.2,2.6,2,2,0.04,0,5,0
route_n12,stop_07,4,23.2,6.3,1,2,0.09,2,64,1
route_n7,stop_04,0,16.2,0.6,2,2,0.04,0,14,0
route_n12,stop_04,3,19.1,0.4,2,2,0.04,0,34,0
route_n1,stop_05,0,7.3,6.2,2,2,0.05,0,14,0
route_n12,stop_04,0,19.1,4.2,2,2,0.04,0,19,0
route_n7,stop_04,21,22.8,3.7,2,2,0.04,0,12,0
route_n9,stop_05,1,11.6,4.8,2,2,0.05,0,38,1
route_n12,stop_04,21,20.7,1.2,2,2,0.04,1,11,0
route_n4,stop_10,2,22.6,18.2,0,0,0.28,0,96,2
route_n1,stop_01,2,16.1,11.3,1,2,0.08,0,48,1
route_n1,stop_09,1,10.6,3.5,1,2,0.07,1,51,1
route_n4,stop_07,21,17.3,2.5,1,2,0.09,0,19,0
route_n4,stop_04,23,14.4,9.3,2,2,0.04,3,31,0
route_n12,stop_04,22,25.2,0.5,2,2,0.04,0,10,0
route_n4,stop_07,23,9.6,1.7,1,2,0.09,0,29,0
route_n9,stop_09,21,8.6,0.5,1,2,0.07,0,15,0
route_n7,stop_04,4,12.7,10.9,2,2,0.04,0,32,0
route_n4,stop_04,0,21.3,14.5,2,2,0.04,1,30,0
route_n4,stop_04,23,16.8,14.6,2,2,0.04,0,23,0
route_n9,stop_05,23,13.1,13.1,2,2,0.05,0,25,0
route_n1,stop_05,23,11.2,11.5,2,2,0.05,2,28,0
route_n1,stop_01,0,15.3,6.7,1,2,0.08,1,40,1
route_n12,stop_11,0,28.3,10.7,0,1,0.19,0,71,2
route_n9,stop_12,4,11.5,0.3,1,2,0.06,0,52,1
route_n7,stop_07,0,20.8,10.1,1,2,0.09,1,45,1
route_n7,stop_07,5,18.5,9.8,1,2,0.09,0,19,0
route_n9,stop_12,3,13.9,10.8,1,2,0.06,1,52,1
route_n7,stop_07,22,22.4,2.9,1,2,0.09,1,27,0
route_n1,stop_01,4,6.5,2.1,1,2,0.08,0,44,1
route_n7,stop_08,21,16.5,6.7,0,1,0.22,1,49,1
route_n7,stop_07,2,20.0,18.4,1,2,0.09,0,64,1
route_n9,stop_05,23,19.3,21.3,2,2,0.05,0,33,0
route_n9,stop_05,3,12.9,6.5,2,2,0.05,0,39,1
route_n7,stop_03,3,24.4,22.9,1,2,0.06,0,59,1
route_n4,stop_02,2,12.8,12.9,2,1,0.14,1,64,1
route_n9,stop_09,2,24.3,33.4,1,2,0.07,0,65,2
route_n12,stop_07,23,16.5,7.8,1,2,0.09,0,38,1
route_n12,stop_07,21,14.2,4.7,1,2,0.09,0,19,0
route_n1,stop_09,23,8.7,9.0,1,2,0.07,0,40,1
route_n7,stop_07,22,22.5,9.0,1,2,0.09,2,28,0
route_n4,stop_04,1,30.3,48.0,2,2,0.04,0,67,2
route_n1,stop_04,23,10.5,0.8,2,2,0.04,0,18,0
route_n7,stop_03,5,18.6,0.4,1,2,0.06,1,21,0
route_n9,stop_12,1,30.1,43.3,1,2,0.06,0,74,2
route_n12,stop_07,2,22.2,11.8,1,2,0.09,2,66,2
route_n4,stop_07,21,13.1,6.2,1,2,0.09,2,34,0
route_n12,stop_07,3,19.9,10.3,1,2,0.09,0,56,1
route_n9,stop_09,4,12.6,0.6,1,2,0.07,1,48,1
route_n7,stop_08,0,21.0,15.2,0,1,0.22,1,78,2
route_n9,stop_12,0,20.3,14.3,1,2,0.06,0,46,1
route_n9,stop_05,2,17.2,5.8,2,2,0.05,0,43,1
route_n12,stop_11,22,13.0,2.4,0,1,0.19,0,54,1
route_n4,stop_02,0,15.2,18.9,2,1,0.14,0,50,1
route_n9,stop_12,23,12.5,0.8,1,2,0.06,1,37,1
route_n12,stop_07,22,19.9,13.8,1,2,0.09,1,36,1
route_n4,stop_04,23,7.5,3.1,2,2,0.04,0,16,0
route_n7,stop_03,21,23.1,5.8,1,2,0.06,0,19,0
route_n7,stop_04,21,18.1,17.9,2,2,0.04,0,16,0
route_n1,stop_05,21,15.8,7.4,2,2,0.05,1,11,0
route_n12,stop_07,5,23.3,3.5,1,2,0.09,2,27,0
route_n4,stop_04,0,20.0,12.2,2,2,0.04,1,27,0
route_n9,stop_06,5,8.7,2.7,0,0,0.32,1,82,2
route_n7,stop_07,23,12.4,3.4,1,2,0.09,1,38,1
route_n4,stop_10,23,31.5,48.0,0,0,0.28,1,96,2
route_n12,stop_11,0,17.9,14.5,0,1,0.19,1,71,2
route_n1,stop_09,23,11.6,10.8,1,2,0.07,0,30,0
route_n7,stop_03,21,13.5,2.9,1,2,0.06,0,17,0
route_n4,stop_10,1,8.2,0.8,0,0,0.28,1,96,2
route_n4,stop_02,22,8.5,0.2,2,1,0.14,0,24,0
route_n4,stop_07,0,18.8,8.4,1,2,0.09,0,40,1
route_n12,stop_04,1,21.0,22.4,2,2,0.04,0,50,1
route_n12,stop_04,22,11.5,5.0,2,2,0.04,0,5,0
route_n12,stop_11,21,25.1,11.9,0,1,0.19,0,64,1
route_n9,stop_05,2,16.1,0.5,2,2,0.05,0,33,0
route_n4,stop_04,23,11.9,4.8,2,2,0.04,0,25,0
route_n7,stop_07,21,10.0,1.8,1,2,0.09,0,21,0
route_n12,stop_11,5,20.8,3.9,0,1,0.19,0,48,1
route_n12,stop_07,21,25.5,0.5,1,2,0.09,0,20,0
route_n4,stop_10,1,34.6,48.0,0,0,0.28,3,96,2
route_n12,stop_11,5,20.8,1.6,0,1,0.19,1,60,1
route_n9,stop_05,22,15.4,16.6,2,2,0.05,0,15,0
route_n9,stop_09,22,12.7,3.6,1,2,0.07,0,12,0
route_n12,stop_04,21,21.6,27.5,2,2,0.04,0,23,0
route_n4,stop_07,23,17.5,8.4,1,2,0.09,0,36,1
route_n4,stop_04,21,21.7,17.4,2,2,0.04,0,11,0
route_n4,stop_02,1,17.6,0.1,2,1,0.14,1,63,1
route_n1,stop_05,21,10.4,9.0,2,2,0.05,0,10,0
route_n12,stop_07,0,19.1,24.3,1,2,0.09,2,52,1
route_n4,stop_02,5,12.9,1.0,2,1,0.14,1,26,0
route_n9,stop_09,2,13.7,1.6,1,2,0.07,0,43,1
route_n7,stop_08,0,21.6,5.7,0,1,0.22,1,68,2
route_n7,stop_04,23,21.7,28.2,2,2,0.04,0,39,1
route_n4,stop_10,0,12.4,8.1,0,0,0.28,0,83,2
route_n7,stop_03,0,18.3,7.8,1,2,0.06,1,40,1
route_n7,stop_03,23,13.1,1.6,1,2,0.06,0,24,0
route_n1,stop_01,21,12.2,0.0,1,2,0.08,0,14,0
route_n9,stop_12,3,20.9,25.9,1,2,0.06,0,64,1
route_n9,stop_06,23,14.4,1.0,0,0,0.32,2,92,2
route_n1,stop_09,22,12.3,6.5,1,2,0.07,0,28,0
route_n1,stop_02,23,21.7,25.6,2,1,0.14,1,60,1
route_n7,stop_03,23,13.5,2.4,1,2,0.06,1,35,1
route_n12,stop_11,2,30.8,17.1,0,1,0.19,1,96,2
route_n7,stop_08,1,12.1,1.3,0,1,0.22,1,83,2
route_n1,stop_04,2,15.2,14.4,2,2,0.04,1,53,1
route_n9,stop_12,21,8.2,1.2,1,2,0.06,0,21,0
route_n7,stop_08,23,20.2,13.8,0,1,0.22,1,77,2
route_n12,stop_04,0,16.2,3.7,2,2,0.04,0,21,0
route_n7,stop_08,21,13.1,4.0,0,1,0.22,2,65,2
route_n4,stop_07,22,20.0,5.9,1,2,0.09,1,30,0
route_n7,stop_07,2,11.1,2.9,1,2,0.09,0,55,1
route_n1,stop_02,21,15.1,8.8,2,1,0.14,0,21,0
route_n9,stop_09,0,17.5,3.7,1,2,0.07,0,36,1
route_n9,stop_09,22,8.5,7.1,1,2,0.07,0,19,0
route_n1,stop_01,21,11.2,1.1,1,2,0.08,2,32,0
route_n4,stop_02,22,12.1,7.6,2,1,0.14,1,36,1
route_n1,stop_02,5,5.2,0.9,2,1,0.14,0,22,0
route_n7,stop_03,2,17.0,8.6,1,2,0.06,0,58,1
route_n1,stop_05,5,13.6,1.8,2,2,0.05,1,16,0
route_n1,stop_04,0,10.4,14.4,2,2,0.04,0,25,0
route_n4,stop_07,21,13.9,2.0,1,2,0.09,0,29,0
route_n7,stop_04,0,23.9,22.2,2,2,0.04,0,32,0
route_n12,stop_11,23,34.0,23.1,0,1,0.19,2,86,2
route_n12,stop_04,3,11.9,3.4,2,2,0.04,1,42,1
route_n9,stop_09,21,15.2,6.2,1,2,0.07,1,24,0
route_n1,stop_04,0,11.0,1.0,2,2,0.04,0,18,0
route_n9,stop_09,22,13.9,3.2,1,2,0.07,1,29,0
route_n4,stop_07,23,22.5,13.0,1,2,0.09,0,41,1
route_n12,stop_11,1,30.5,16.8,0,1,0.19,3,96,2
route_n1,stop_01,23,9.0,10.2,1,2,0.08,0,37,1
route_n4,stop_02,23,13.1,3.5,2,1,0.14,1,39,1
route_n4,stop_07,23,12.7,4.9,1,2,0.09,1,41,1
route_n1,stop_05,23,7.7,1.1,2,2,0.05,1,23,0
route_n4,stop_07,2,19.3,19.8,1,2,0.09,0,65,2
route_n1,stop_04,3,12.3,10.9,2,2,0.04,1,46,1
route_n1,stop_02,5,11.6,8.0,2,1,0.14,3,42,1
route_n7,stop_04,2,24.0,4.5,2,2,0.04,0,37,1
route_n9,stop_05,23,8.0,4.1,2,2,0.05,0,22,0
route_n4,stop_10,1,19.6,6.3,0,0,0.28,0,96,2
route_n4,stop_02,23,11.9,0.3,2,1,0.14,0,34,0
route_n7,stop_08,22,17.9,2.7,0,1,0.22,0,60,1
route_n7,stop_04,3,30.1,25.4,2,2,0.04,0,49,1
route_n7,stop_07,21,18.8,14.8,1,2,0.09,0,25,0
route_n12,stop_04,4,18.6,4.7,2,2,0.04,0,39,1
route_n12,stop_07,23,18.9,6.3,1,2,0.09,0,39,1
route_n12,stop_07,0,15.9,0.3,1,2,0.09,1,40,1
route_n1,stop_05,1,26.0,33.0,2,2,0.05,0,51,1
route_n4,stop_04,3,16.0,0.2,2,2,0.04,1,40,1
route_n9,stop_06,0,18.6,30.1,0,0,0.32,2,96,2
route_n1,stop_02,0,8.3,7.0,2,1,0.14,2,41,1
route_n4,stop_04,21,12.2,2.7,2,2,0.04,1,7,0
route_n4,stop_10,0,17.9,26.8,0,0,0.28,1,96,2
route_n7,stop_08,22,16.9,0.2,0,1,0.22,0,54,1
route_n7,stop_04,1,15.1,13.6,2,2,0.04,0,45,1
route_n1,stop_09,0,12.5,8.3,1,2,0.07,1,34,0
route_n7,stop_07,1,9.2,3.9,1,2,0.09,0,50,1
route_n4,stop_07,21,11.2,3.6,1,2,0.09,0,17,0
route_n7,stop_04,21,20.4,6.9,2,2,0.04,2,20,0
route_n12,stop_04,1,25.8,20.3,2,2,0.04,1,49,1
route_n7,stop_03,21,22.2,0.0,1,2,0.06,1,20,0
route_n4,stop_04,21,23.7,18.0,2,2,0.04,0,20,0
route_n1,stop_09,21,8.2,1.2,1,2,0.07,0,16,0
route_n9,stop_05,5,6.6,1.7,2,2,0.05,0,5,0
route_n7,stop_04,1,22.1,4.8,2,2,0.04,0,31,0
route_n4,stop_02,23,17.1,0.4,2,1,0.14,0,41,1
route_n9,stop_06,22,14.6,0.9,0,0,0.32,2,80,2
route_n9,stop_06,23,24.7,44.7,0,0,0.32,6,96,2
route_n12,stop_07,2,29.3,5.9,1,2,0.09,0,50,1
route_n9,stop_05,1,9.0,1.9,2,2,0.05,1,42,1
route_n4,stop_07,22,15.0,0.7,1,2,0.09,1,21,0
route_n4,stop_10,22,20.2,8.3,0,0,0.28,2,79,2
route_n7,stop_04,21,16.0,12.5,2,2,0.04,0,20,0
route_n7,stop_08,1,23.0,4.6,0,1,0.22,0,82,2
route_n7,stop_07,2,12.3,0.3,1,2,0.09,1,54,1
route_n9,stop_05,22,16.6,1.6,2,2,0.05,0,9,0
route_n9,stop_09,21,8.6,0.4,1,2,0.07,1,22,0
route_n12,stop_11,21,26.4,0.7,0,1,0.19,0,55,1
route_n7,stop_08,5,9.8,3.7,0,1,0.22,1,57,1
route_n1,stop_01,22,11.6,1.7,1,2,0.08,0,20,0
route_n12,stop_04,2,23.1,11.3,2,2,0.04,0,42,1
route_n1,stop_04,0,10.0,3.0,2,2,0.04,0,24,0
route_n9,stop_12,23,19.6,29.4,1,2,0.06,0,43,1
route_n12,stop_11,22,27.9,15.4,0,1,0.19,1,69,2
route_n12,stop_11,21,14.6,5.4,0,1,0.19,2,63,1
route_n4,stop_02,0,14.5,4.6,2,1,0.14,0,42,1
route_n9,stop_12,2,11.1,7.5,1,2,0.06,1,58,1
route_n9,stop_12,1,19.0,8.3,1,2,0.06,0,52,1
route_n12,stop_11,0,14.9,13.5,0,1,0.19,1,67,2
route_n9,stop_09,21,9.1,3.9,1,2,0.07,2,26,0
route_n12,stop_04,5,18.4,12.6,2,2,0.04,0,9,0
route_n4,stop_04,2,29.0,45.0,2,2,0.04,0,59,1
route_n12,stop_07,22,14.3,2.7,1,2,0.09,3,27,0
route_n9,stop_09,5,12.8,5.3,1,2,0.07,1,23,0
route_n9,stop_05,0,15.2,1.0,2,2,0.05,0,17,0
route_n12,stop_07,0,22.7,2.3,1,2,0.09,1,31,0
route_n12,stop_07,1,22.8,8.3,1,2,0.09,1,61,1
route_n12,stop_07,2,12.0,3.6,1,2,0.09,1,61,1
route_n7,stop_03,1,30.9,32.6,1,2,0.06,0,70,2
route_n9,stop_05,21,7.6,1.1,2,2,0.05,0,5,0
route_n9,stop_05,23,16.4,6.3,2,2,0.05,0,22,0
route_n7,stop_07,4,13.7,6.0,1,2,0.09,0,50,1
route_n12,stop_11,22,19.6,7.7,0,1,0.19,1,59,1
route_n4,stop_10,23,12.2,5.0,0,0,0.28,0,83,2
route_n12,stop_04,23,32.9,21.1,2,2,0.04,0,31,0
route_n12,stop_04,23,14.8,8.7,2,2,0.04,0,29,0
route_n7,stop_03,0,18.4,6.0,1,2,0.06,2,37,1
route_n9,stop_12,4,7.1,0.5,1,2,0.06,0,48,1
route_n12,stop_07,22,23.3,4.1,1,2,0.09,1,27,0
route_n9,stop_06,21,19.7,11.2,0,0,0.32,2,91,2
route_n1,stop_04,22,10.9,6.2,2,2,0.04,0,9,0
route_n9,stop_05,3,21.8,27.8,2,2,0.05,0,50,1
route_n4,stop_07,1,21.4,10.6,1,2,0.09,1,58,1
route_n4,stop_02,22,12.6,0.8,2,1,0.14,0,24,0
route_n12,stop_07,2,17.9,0.2,1,2,0.09,0,45,1
route_n9,stop_05,3,13.9,5.6,2,2,0.05,0,35,1
route_n12,stop_11,3,28.9,18.7,0,1,0.19,0,86,2
route_n7,stop_04,4,13.2,10.2,2,2,0.04,1,39,1
route_n4,stop_02,22,16.8,2.3,2,1,0.14,1,30,0
route_n12,stop_04,1,21.1,10.7,2,2,0.04,0,42,1
route_n7,stop_08,23,10.9,5.7,0,1,0.22,1,63,1
route_n12,stop_04,3,26.4,8.2,2,2,0.04,1,44,1
route_n9,stop_09,1,11.1,4.1,1,2,0.07,1,54,1
route_n9,stop_05,2,7.4,2.3,2,2,0.05,2,41,1
route_n9,stop_05,1,13.6,3.4,2,2,0.05,0,34,0
route_n9,stop_05,22,15.1,0.4,2,2,0.05,0,5,0
route_n1,stop_09,0,13.4,2.3,1,2,0.07,2,38,1
route_n7,stop_04,5,21.9,0.1,2,2,0.04,0,5,0
route_n7,stop_08,4,23.1,6.4,0,1,0.22,1,90,2
route_n9,stop_12,21,6.4,2.5,1,2,0.06,0,26,0
route_n1,stop_05,22,17.3,23.5,2,2,0.05,0,16,0
route_n9,stop_06,21,14.8,1.4,0,0,0.32,2,77,2
route_n1,stop_09,1,10.4,6.6,1,2,0.07,0,50,1
route_n9,stop_05,2,14.7,6.9,2,2,0.05,0,36,1
route_n4,stop_07,22,13.3,0.1,1,2,0.09,0,23,0
route_n4,stop_07,0,18.0,19.0,1,2,0.09,0,35,1
route_n12,stop_04,3,25.5,0.5,2,2,0.04,0,35,1
route_n9,stop_12,1,28.4,43.9,1,2,0.06,0,76,2
route_n7,stop_07,0,23.8,23.2,1,2,0.09,2,53,1
route_n12,stop_07,0,30.2,8.0,1,2,0.09,0,38,1
route_n4,stop_10,0,15.2,8.2,0,0,0.28,2,94,2
route_n9,stop_12,22,10.1,6.9,1,2,0.06,0,24,0
route_n12,stop_07,0,20.3,5.1,1,2,0.09,0,37,1
route_n9,stop_09,1,20.7,16.3,1,2,0.07,1,58,1
route_n4,stop_04,3,15.6,0.7,2,2,0.04,0,36,1
route_n12,stop_04,0,23.4,0.6,2,2,0.04,1,23,0
route_n4,stop_02,2,18.3,9.5,2,1,0.14,1,65,2
route_n1,stop_01,22,8.9,5.2,1,2,0.08,2,33,0
route_n4,stop_02,23,25.5,22.8,2,1,0.14,2,49,1
route_n9,stop_06,21,15.3,0.7,0,0,0.32,2,78,2
route_n7,stop_03,22,14.9,11.2,1,2,0.06,0,18,0
route_n4,stop_07,1,9.0,3.7,1,2,0.09,0,58,1
route_n7,stop_08,5,23.5,3.3,0,1,0.22,1,57,1
route_n1,stop_09,21,13.3,2.5,1,2,0.07,1,26,0
route_n12,stop_07,23,27.2,5.3,1,2,0.09,0,38,1
route_n12,stop_04,2,26.0,2.5,2,2,0.04,0,36,1
route_n7,stop_03,22,17.5,4.6,1,2,0.06,0,18,0
route_n12,stop_04,0,27.4,16.8,2,2,0.04,0,36,1
route_n4,stop_07,1,16.2,9.1,1,2,0.09,0,57,1
route_n7,stop_08,0,11.1,7.0,0,1,0.22,0,74,2
route_n9,stop_12,22,18.4,12.3,1,2,0.06,1,29,0
route_n4,stop_10,23,17.1,12.7,0,0,0.28,2,96,2
route_n4,stop_07,2,18.0,10.5,1,2,0.09,0,54,1
route_n4,stop_02,0,13.3,3.1,2,1,0.14,2,44,1
route_n9,stop_06,21,16.4,14.1,0,0,0.32,0,74,2
route_n1,stop_02,2,11.4,13.4,2,1,0.14,1,63,1
route_n12,stop_11,21,14.7,1.6,0,1,0.19,0,48,1
route_n7,stop_04,1,11.8,4.9,2,2,0.04,0,38,1
route_n1,stop_05,22,10.5,10.6,2,2,0.05,0,11,0
route_n7,stop_07,5,22.2,0.3,1,2,0.09,0,23,0
route_n12,stop_11,23,31.0,48.0,0,1,0.19,1,96,2
route_n9,stop_05,23,8.9,1.5,2,2,0.05,0,18,0
route_n4,stop_04,22,17.2,10.3,2,2,0.04,0,14,0
route_n4,stop_04,23,15.4,5.2,2,2,0.04,0,28,0
route_n9,stop_06,3,11.3,10.6,0,0,0.32,2,96,2
route_n1,stop_01,5,17.2,13.8,1,2,0.08,0,31,0
route_n1,stop_09,23,13.8,5.5,1,2,0.07,0,33,0
route_n7,stop_03,23,14.3,8.0,1,2,0.06,0,36,1
route_n9,stop_06,1,8.8,0.8,0,0,0.32,2,96,2
route_n1,stop_02,3,12.9,0.0,2,1,0.14,0,54,1
route_n9,stop_05,0,15.5,2.9,2,2,0.05,0,21,0
route_n12,stop_04,23,26.3,11.9,2,2,0.04,0,27,0
route_n4,stop_04,23,7.5,1.3,2,2,0.04,1,24,0
route_n4,stop_02,1,11.8,1.9,2,1,0.14,0,49,1
route_n4,stop_07,21,14.1,3.4,1,2,0.09,2,34,0
route_n9,stop_05,0,11.8,10.9,2,2,0.05,0,27,0
route_n9,stop_06,23,15.4,12.9,0,0,0.32,1,93,2
route_n7,stop_04,2,17.8,3.1,2,2,0.04,0,36,1
route_n4,stop_04,21,10.1,0.5,2,2,0.04,0,6,0
route_n7,stop_07,0,30.9,29.3,1,2,0.09,1,61,1
route_n4,stop_04,0,17.3,3.1,2,2,0.04,0,21,0
route_n7,stop_04,1,24.3,29.9,2,2,0.04,0,53,1
route_n7,stop_04,21,25.2,12.9,2,2,0.04,0,15,0
route_n12,stop_07,0,17.0,15.4,1,2,0.09,1,51,1
route_n7,stop_03,0,20.8,1.9,1,2,0.06,0,32,0
route_n9,stop_05,0,14.2,17.9,2,2,0.05,1,31,0
route_n7,stop_08,0,14.9,15.3,0,1,0.22,4,92,2
route_n4,stop_04,1,19.4,14.2,2,2,0.04,0,43,1
route_n7,stop_07,2,17.1,6.4,1,2,0.09,0,56,1
route_n1,stop_05,22,13.5,2.0,2,2,0.05,0,5,0
route_n4,stop_07,2,11.2,2.0,1,2,0.09,0,48,1
route_n1,stop_05,0,10.0,7.4,2,2,0.05,0,27,0
route_n4,stop_02,21,14.3,5.7,2,1,0.14,1,28,0
route_n9,stop_06,21,11.5,2.9,0,0,0.32,2,77,2
route_n9,stop_06,23,11.8,6.7,0,0,0.32,3,96,2
route_n9,stop_09,2,15.7,7.0,1,2,0.07,0,48,1
route_n1,stop_01,1,17.7,16.0,1,2,0.08,0,56,1
route_n12,stop_04,2,38.8,36.1,2,2,0.04,1,63,1
route_n4,stop_10,0,18.4,1.9,0,0,0.28,0,83,2
route_n9,stop_06,23,10.3,5.0,0,0,0.32,1,92,2
route_n4,stop_04,22,15.0,1.0,2,2,0.04,0,11,0
route_n1,stop_01,23,12.1,10.2,1,2,0.08,0,34,0
route_n12,stop_11,23,26.6,13.6,0,1,0.19,2,80,2
route_n1,stop_04,21,15.8,17.5,2,2,0.04,1,21,0
route_n4,stop_04,22,18.8,2.1,2,2,0.04,0,13,0
route_n12,stop_11,0,34.6,31.2,0,1,0.19,3,96,2
route_n12,stop_11,1,26.5,1.0,0,1,0.19,0,84,2
route_n1,stop_05,5,14.4,6.0,2,2,0.05,1,15,0
route_n9,stop_06,4,15.3,0.4,0,0,0.32,2,96,2
route_n4,stop_04,1,29.8,35.0,2,2,0.04,0,53,1
route_n7,stop_07,23,17.5,7.8,1,2,0.09,0,38,1
route_n7,stop_07,0,15.9,11.5,1,2,0.09,0,44,1
route_n1,stop_02,2,19.0,27.8,2,1,0.14,1,71,2
route_n4,stop_07,21,6.7,1.1,1,2,0.09,1,22,0
route_n4,stop_10,23,12.4,0.4,0,0,0.28,2,87,2
route_n1,stop_05,2,22.2,32.9,2,2,0.05,0,46,1
route_n4,stop_10,23,13.9,3.9,0,0,0.28,0,83,2
route_n9,stop_12,0,16.5,1.4,1,2,0.06,0,33,0
route_n1,stop_04,0,15.3,6.6,2,2,0.04,0,20,0
route_n9,stop_06,22,9.5,5.9,0,0,0.32,0,68,2
route_n4,stop_07,23,10.5,0.3,1,2,0.09,1,32,0
route_n1,stop_01,23,9.6,3.3,1,2,0.08,4,49,1
route_n4,stop_04,21,10.4,0.2,2,2,0.04,0,11,0
route_n1,stop_04,21,13.1,3.5,2,2,0.04,0,12,0
route_n4,stop_02,2,26.4,35.2,2,1,0.14,3,80,2
route_n9,stop_09,22,22.1,26.4,1,2,0.07,1,41,1
route_n9,stop_05,0,18.8,10.5,2,2,0.05,0,23,0
route_n4,stop_07,22,16.1,1.1,1,2,0.09,1,22,0
route_n1,stop_05,4,11.8,15.4,2,2,0.05,1,44,1
route_n7,stop_03,22,20.1,4.7,1,2,0.06,1,28,0
route_n9,stop_06,23,10.8,1.7,0,0,0.32,5,96,2
route_n9,stop_09,3,24.5,39.7,1,2,0.07,0,70,2
route_n7,stop_07,3,17.1,22.1,1,2,0.09,0,60,1
route_n4,stop_04,22,15.3,8.6,2,2,0.04,1,15,0
route_n1,stop_04,2,15.4,19.3,2,2,0.04,1,50,1
route_n4,stop_04,23,9.9,2.3,2,2,0.04,0,22,0
route_n12,stop_07,0,22.5,2.5,1,2,0.09,1,35,1
route_n9,stop_09,21,16.8,7.6,1,2,0.07,1,27,0
route_n12,stop_04,21,14.0,1.6,2,2,0.04,0,5,0
route_n9,stop_05,1,9.5,9.0,2,2,0.05,0,38,1
route_n9,stop_05,0,20.9,15.8,2,2,0.05,0,28,0
route_n12,stop_11,23,15.5,15.9,0,1,0.19,1,75,2
route_n12,stop_11,1,29.6,9.4,0,1,0.19,0,85,2
route_n4,stop_07,2,23.3,24.5,1,2,0.09,0,58,1
route_n12,stop_11,22,19.6,11.9,0,1,0.19,2,57,1
route_n4,stop_07,0,13.4,11.1,1,2,0.09,1,41,1
route_n4,stop_10,21,6.8,1.7,0,0,0.28,3,76,2
route_n4,stop_07,1,10.8,5.0,1,2,0.09,0,48,1
route_n9,stop_06,1,9.2,5.9,0,0,0.32,3,96,2
route_n9,stop_05,5,12.3,0.8,2,2,0.05,0,5,0
route_n12,stop_04,21,12.8,2.1,2,2,0.04,0,11,0
route_n9,stop_06,21,11.7,1.5,0,0,0.32,0,76,2
route_n12,stop_11,22,21.2,3.9,0,1,0.19,3,58,1
route_n9,stop_05,22,14.8,15.5,2,2,0.05,0,14,0
route_n1,stop_01,22,5.1,0.7,1,2,0.08,1,19,0
route_n1,stop_05,4,8.2,8.3,2,2,0.05,0,27,0
route_n12,stop_07,22,12.5,7.6,1,2,0.09,0,18,0
route_n9,stop_06,22,13.7,0.7,0,0,0.32,1,76,2
route_n9,stop_12,1,24.8,39.9,1,2,0.06,0,78,2
route_n4,stop_10,23,19.0,8.7,0,0,0.28,0,90,2
route_n7,stop_08,2,16.8,7.1,0,1,0.22,0,86,2
route_n12,stop_04,21,20.8,9.2,2,2,0.04,0,12,0
route_n7,stop_07,0,16.4,3.1,1,2,0.09,0,40,1
route_n7,stop_08,21,21.3,7.7,0,1,0.22,0,65,2
route_n12,stop_11,21,14.0,0.3,0,1,0.19,1,52,1
route_n9,stop_12,4,11.5,11.9,1,2,0.06,0,46,1
route_n12,stop_07,21,20.6,3.9,1,2,0.09,1,19,0
route_n7,stop_04,0,16.6,10.5,2,2,0.04,0,29,0
route_n9,stop_12,23,11.2,2.6,1,2,0.06,0,31,0
route_n1,stop_01,23,15.0,11.8,1,2,0.08,1,42,1
route_n12,stop_11,3,27.1,23.1,0,1,0.19,0,88,2
route_n12,stop_04,21,21.8,4.2,2,2,0.04,0,7,0
route_n9,stop_12,1,17.3,15.0,1,2,0.06,0,55,1
route_n1,stop_02,5,12.8,4.0,2,1,0.14,3,37,1
route_n1,stop_04,0,20.2,23.3,2,2,0.04,0,30,0
route_n9,stop_06,4,13.0,4.5,0,0,0.32,1,96,2
route_n4,stop_02,21,18.9,12.0,2,1,0.14,0,29,0
route_n12,stop_11,23,31.4,16.8,0,1,0.19,0,80,2
route_n12,stop_07,22,18.1,3.4,1,2,0.09,0,23,0
route_n7,stop_08,1,15.3,4.1,0,1,0.22,0,85,2
route_n9,stop_09,5,15.0,3.4,1,2,0.07,0,18,0
route_n7,stop_07,22,20.8,11.4,1,2,0.09,1,20,0
route_n7,stop_08,1,10.2,4.0,0,1,0.22,2,87,2
route_n1,stop_09,22,14.4,4.8,1,2,0.07,0,18,0
route_n12,stop_04,0,16.4,17.1,2,2,0.04,0,29,0
route_n7,stop_08,23,20.5,4.5,0,1,0.22,0,80,2
route_n1,stop_05,5,14.0,6.7,2,2,0.05,2,19,0
route_n9,stop_12,0,16.9,2.9,1,2,0.06,0,43,1
route_n7,stop_08,23,8.8,1.2,0,1,0.22,1,69,2
route_n12,stop_04,21,23.9,10.3,2,2,0.04,0,11,0
route_n7,stop_04,22,14.2,0.7,2,2,0.04,0,7,0
route_n9,stop_05,22,9.8,2.1,2,2,0.05,0,12,0
route_n7,stop_08,22,13.9,12.6,0,1,0.22,1,68,2
route_n12,stop_04,3,21.8,6.6,2,2,0.04,0,37,1
route_n1,stop_02,0,23.9,37.6,2,1,0.14,0,60,1
route_n12,stop_07,0,27.1,40.5,1,2,0.09,1,55,1
route_n1,stop_02,21,10.8,2.0,2,1,0.14,4,41,1
route_n4,stop_02,3,15.1,0.7,2,1,0.14,1,62,1
route_n12,stop_11,1,30.4,19.0,0,1,0.19,4,96,2
route_n12,stop_11,21,26.9,3.9,0,1,0.19,3,63,1
route_n9,stop_09,1,10.5,1.7,1,2,0.07,2,56,1
route_n7,stop_07,0,26.9,12.8,1,2,0.09,1,47,1
route_n1,stop_02,21,12.4,0.2,2,1,0.14,0,24,0
route_n1,stop_09,23,15.6,21.2,1,2,0.07,1,47,1
route_n9,stop_06,0,7.8,1.6,0,0,0.32,1,85,2
route_n9,stop_12,22,10.5,0.9,1,2,0.06,1,25,0
route_n7,stop_08,4,14.0,1.3,0,1,0.22,2,90,2
route_n7,stop_03,3,35.3,48.0,1,2,0.06,0,74,2
route_n12,stop_11,1,26.9,18.4,0,1,0.19,0,88,2
route_n4,stop_02,23,21.7,16.8,2,1,0.14,1,50,1
route_n7,stop_03,23,17.3,5.3,1,2,0.06,0,37,1
route_n9,stop_05,1,9.1,6.4,2,2,0.05,0,37,1
route_n7,stop_07,0,21.5,2.8,1,2,0.09,0,33,0
route_n1,stop_09,21,9.0,4.3,1,2,0.07,1,24,0
route_n4,stop_04,0,21.0,8.3,2,2,0.04,0,23,0
route_n12,stop_07,2,17.4,15.6,1,2,0.09,0,60,1
route_n1,stop_04,23,14.4,3.1,2,2,0.04,0,21,0
route_n1,stop_01,21,13.0,19.3,1,2,0.08,0,28,0
route_n4,stop_07,2,9.9,2.9,1,2,0.09,0,50,1
route_n12,stop_07,22,18.6,21.9,1,2,0.09,1,40,1
route_n9,stop_09,22,13.1,0.1,1,2,0.07,0,16,0
route_n12,stop_07,22,26.0,4.3,1,2,0.09,0,26,0
route_n7,stop_03,23,15.7,4.2,1,2,0.06,0,33,0
route_n1,stop_04,1,16.6,9.3,2,2,0.04,1,45,1
route_n7,stop_08,0,19.9,8.8,0,1,0.22,3,78,2
route_n9,stop_05,22,13.7,3.7,2,2,0.05,0,8,0
route_n7,stop_03,3,23.5,8.4,1,2,0.06,0,58,1
route_n12,stop_04,3,22.6,20.6,2,2,0.04,0,44,1
route_n7,stop_03,3,20.1,18.1,1,2,0.06,0,53,1
route_n9,stop_09,22,19.8,11.6,1,2,0.07,1,25,0
route_n9,stop_06,23,16.3,3.0,0,0,0.32,3,91,2
route_n9,stop_05,5,18.4,6.1,2,2,0.05,0,12,0
route_n12,stop_04,2,30.7,13.7,2,2,0.04,0,40,1
route_n9,stop_09,21,8.0,3.0,1,2,0.07,1,21,0
route_n1,stop_05,21,13.6,4.3,2,2,0.05,0,10,0
route_n9,stop_09,23,11.4,3.9,1,2,0.07,0,34,0
route_n7,stop_07,4,22.8,1.0,1,2,0.09,2,57,1
route_n7,stop_07,0,15.6,2.5,1,2,0.09,2,42,1
route_n7,stop_04,0,16.3,1.2,2,2,0.04,0,20,0
route_n12,stop_07,21,21.5,7.5,1,2,0.09,0,25,0
route_n7,stop_08,1,19.1,16.9,0,1,0.22,1,93,2
route_n12,stop_07,2,29.1,46.9,1,2,0.09,0,84,2
route_n12,stop_11,23,30.6,13.6,0,1,0.19,1,80,2
route_n9,stop_06,2,14.4,0.8,0,0,0.32,2,96,2
route_n1,stop_09,5,11.4,14.0,1,2,0.07,1,27,0
route_n9,stop_06,22,18.9,12.9,0,0,0.32,3,88,2
route_n9,stop_05,0,14.6,6.1,2,2,0.05,0,17,0
route_n12,stop_04,22,18.6,5.7,2,2,0.04,1,10,0
route_n12,stop_04,2,32.8,48.0,2,2,0.04,0,70,2
route_n7,stop_07,0,23.6,7.9,1,2,0.09,0,37,1
route_n7,stop_08,0,27.8,24.5,0,1,0.22,0,87,2
route_n9,stop_12,2,11.9,1.4,1,2,0.06,1,46,1
route_n4,stop_04,23,14.2,2.2,2,2,0.04,1,19,0
route_n4,stop_02,4,8.6,3.8,2,1,0.14,0,52,1
route_n7,stop_04,0,18.2,9.1,2,2,0.04,0,24,0
route_n4,stop_02,22,12.7,11.0,2,1,0.14,1,36,1
route_n7,stop_07,1,29.8,48.0,1,2,0.09,0,79,2
route_n12,stop_04,2,24.0,7.7,2,2,0.04,1,43,1
route_n9,stop_05,23,15.4,0.5,2,2,0.05,0,19,0
route_n1,stop_01,3,18.2,25.2,1,2,0.08,2,68,2
route_n9,stop_09,4,10.0,6.0,1,2,0.07,1,50,1
route_n7,stop_04,22,17.8,1.4,2,2,0.04,0,5,0
route_n7,stop_08,5,22.3,4.4,0,1,0.22,2,66,2
route_n9,stop_05,22,17.0,8.8,2,2,0.05,0,5,0
route_n7,stop_07,22,24.4,9.6,1,2,0.09,0,33,0
route_n4,stop_07,22,14.2,4.5,1,2,0.09,0,21,0
route_n4,stop_02,3,17.3,5.7,2,1,0.14,0,54,1
route_n7,stop_08,1,28.8,48.0,0,1,0.22,1,96,2
route_n7,stop_04,22,15.6,7.1,2,2,0.04,0,15,0
route_n4,stop_04,23,12.9,5.5,2,2,0.04,0,25,0
route_n7,stop_07,0,16.5,3.4,1,2,0.09,1,40,1
route_n7,stop_07,21,24.8,8.5,1,2,0.09,0,30,0
route_n9,stop_12,3,16.6,4.3,1,2,0.06,1,47,1
route_n1,stop_04,2,6.9,2.9,2,2,0.04,0,32,0
route_n4,stop_04,0,11.2,7.8,2,2,0.04,0,18,0
route_n9,stop_09,5,10.1,2.2,1,2,0.07,1,27,0
route_n1,stop_04,23,11.2,10.3,2,2,0.04,0,21,0
route_n7,stop_04,5,17.0,0.8,2,2,0.04,0,9,0
route_n7,stop_04,1,27.7,16.6,2,2,0.04,0,48,1
route_n9,stop_05,0,17.2,3.5,2,2,0.05,0,18,0
route_n7,stop_08,22,17.3,0.0,0,1,0.22,2,57,1
route_n12,stop_07,3,24.9,2.1,1,2,0.09,0,57,1
route_n9,stop_06,23,22.4,28.2,0,0,0.32,0,96,2
route_n1,stop_02,22,11.6,13.1,2,1,0.14,1,34,0
route_n9,stop_05,21,11.7,1.7,2,2,0.05,0,5,0
route_n4,stop_04,0,18.9,15.7,2,2,0.04,1,30,0
route_n9,stop_09,0,17.3,9.8,1,2,0.07,2,44,1
route_n7,stop_08,1,30.0,48.0,0,1,0.22,0,96,2
route_n7,stop_04,3,15.9,7.3,2,2,0.04,0,35,1
route_n12,stop_04,21,18.5,7.4,2,2,0.04,0,11,0
route_n12,stop_04,1,26.7,1.0,2,2,0.04,0,35,1
route_n12,stop_07,22,18.3,3.3,1,2,0.09,0,20,0
route_n1,stop_09,3,30.5,48.0,1,2,0.07,1,77,2
route_n12,stop_11,2,27.4,12.1,0,1,0.19,3,96,2
route_n1,stop_01,0,8.3,3.5,1,2,0.08,0,36,1
route_n12,stop_04,1,20.1,2.0,2,2,0.04,0,42,1
route_n1,stop_05,23,17.6,12.6,2,2,0.05,0,23,0
route_n9,stop_05,23,14.9,10.8,2,2,0.05,0,32,0
route_n9,stop_12,2,18.5,7.3,1,2,0.06,1,52,1
route_n7,stop_07,23,23.3,31.4,1,2,0.09,0,55,1
route_n1,stop_09,23,5.2,0.2,1,2,0.07,1,30,0
route_n4,stop_07,0,18.2,3.8,1,2,0.09,0,32,0
route_n7,stop_07,2,36.1,39.6,1,2,0.09,1,75,2
route_n9,stop_06,23,17.7,4.0,0,0,0.32,1,89,2
route_n1,stop_02,22,11.4,1.9,2,1,0.14,1,30,0
route_n12,stop_04,1,30.6,11.9,2,2,0.04,0,47,1
route_n4,stop_04,2,26.8,27.1,2,2,0.04,0,48,1
route_n9,stop_09,21,14.8,0.7,1,2,0.07,0,16,0
route_n7,stop_04,22,23.5,18.6,2,2,0.04,0,14,0
route_n1,stop_02,22,12.1,10.3,2,1,0.14,0,28,0
route_n4,stop_10,23,18.1,2.1,0,0,0.28,1,86,2
route_n1,stop_09,23,13.5,12.9,1,2,0.07,0,35,1
route_n12,stop_11,1,21.7,7.6,0,1,0.19,2,93,2
route_n7,stop_04,1,17.4,8.0,2,2,0.04,0,47,1
route_n1,stop_01,0,15.9,15.9,1,2,0.08,2,46,1
route_n9,stop_06,23,24.2,34.2,0,0,0.32,2,96,2
route_n7,stop_04,3,9.1,2.1,2,2,0.04,0,36,1
route_n9,stop_06,23,17.2,5.7,0,0,0.32,0,85,2
route_n1,stop_02,5,10.2,4.3,2,1,0.14,1,31,0
route_n7,stop_04,0,18.3,4.9,2,2,0.04,0,19,0
route_n9,stop_05,21,8.1,2.9,2,2,0.05,1,16,0
route_n12,stop_11,1,9.4,0.8,0,1,0.19,0,79,2
route_n12,stop_07,23,18.2,12.0,1,2,0.09,3,48,1
route_n1,stop_05,1,14.4,8.9,2,2,0.05,0,37,1
route_n7,stop_07,21,9.5,1.4,1,2,0.09,1,21,0
route_n4,stop_07,22,21.3,11.0,1,2,0.09,1,35,1
route_n7,stop_07,3,20.8,25.3,1,2,0.09,0,59,1
route_n12,stop_11,22,14.4,4.3,0,1,0.19,2,57,1
route_n9,stop_12,2,9.6,5.5,1,2,0.06,0,47,1
route_n4,stop_07,22,8.8,6.6,1,2,0.09,0,22,0
route_n1,stop_01,1,13.6,5.3,1,2,0.08,0,50,1
route_n4,stop_04,1,18.2,4.2,2,2,0.04,0,32,0
route_n1,stop_09,0,15.5,13.6,1,2,0.07,0,38,1
route_n4,stop_04,23,8.4,0.4,2,2,0.04,0,17,0
route_n1,stop_01,22,7.3,0.6,1,2,0.08,0,16,0
route_n1,stop_05,21,8.8,0.0,2,2,0.05,1,10,0
route_n4,stop_10,23,18.1,1.7,0,0,0.28,1,90,2
route_n4,stop_07,1,9.4,1.1,1,2,0.09,3,58,1
route_n1,stop_05,4,25.3,35.6,2,2,0.05,0,57,1
route_n12,stop_11,3,19.0,5.3,0,1,0.19,3,86,2
route_n4,stop_04,2,10.6,2.5,2,2,0.04,1,37,1
route_n7,stop_08,2,16.1,4.3,0,1,0.22,0,86,2
route_n9,stop_05,1,23.3,42.9,2,2,0.05,0,58,1
route_n1,stop_09,22,13.6,4.8,1,2,0.07,0,18,0
route_n1,stop_09,4,7.8,2.9,1,2,0.07,1,59,1
route_n9,stop_05,1,26.1,32.2,2,2,0.05,1,64,1
route_n12,stop_07,0,12.3,5.2,1,2,0.09,0,36,1
route_n9,stop_12,21,16.8,2.7,1,2,0.06,1,28,0
route_n4,stop_04,23,9.3,2.4,2,2,0.04,1,14,0
route_n9,stop_12,23,16.9,4.9,1,2,0.06,1,35,1
route_n1,stop_04,3,14.1,5.9,2,2,0.04,1,39,1
route_n9,stop_09,0,20.6,11.8,1,2,0.07,0,38,1
route_n7,stop_07,23,16.1,3.6,1,2,0.09,1,37,1
route_n4,stop_04,5,17.0,5.6,2,2,0.04,1,5,0
route_n9,stop_06,21,9.6,0.4,0,0,0.32,3,81,2
route_n1,stop_04,23,7.0,2.2,2,2,0.04,0,19,0
route_n4,stop_02,21,12.7,3.4,2,1,0.14,0,31,0
route_n1,stop_04,1,23.2,43.1,2,2,0.04,0,56,1
route_n12,stop_07,4,27.9,3.1,1,2,0.09,0,50,1
route_n7,stop_07,22,11.8,7.1,1,2,0.09,2,20,0
route_n12,stop_07,3,21.4,4.6,1,2,0.09,1,55,1
route_n7,stop_08,22,17.3,0.9,0,1,0.22,0,56,1
route_n9,stop_06,4,11.4,0.4,0,0,0.32,1,96,2
route_n4,stop_04,1,16.2,5.7,2,2,0.04,0,45,1
route_n9,stop_09,2,7.7,2.7,1,2,0.07,0,46,1
route_n7,stop_08,21,16.3,1.2,0,1,0.22,3,64,1
route_n7,stop_04,5,15.5,9.3,2,2,0.04,1,9,0
route_n7,stop_07,1,21.7,0.2,1,2,0.09,1,55,1
route_n1,stop_02,23,14.8,8.5,2,1,0.14,2,41,1
route_n4,stop_10,2,20.6,7.4,0,0,0.28,2,96,2
route_n9,stop_06,22,7.6,4.6,0,0,0.32,4,87,2
route_n9,stop_12,3,13.6,12.9,1,2,0.06,2,65,2
route_n12,stop_07,21,13.5,2.4,1,2,0.09,0,17,0
route_n7,stop_03,1,9.9,5.5,1,2,0.06,0,49,1
route_n7,stop_03,0,16.6,13.7,1,2,0.06,0,41,1
route_n7,stop_04,21,23.0,13.3,2,2,0.04,0,16,0
route_n9,stop_05,22,8.5,1.4,2,2,0.05,0,5,0
route_n12,stop_07,21,18.4,0.7,1,2,0.09,0,13,0
route_n1,stop_09,23,22.0,23.7,1,2,0.07,0,47,1
route_n4,stop_10,23,16.1,4.5,0,0,0.28,2,90,2
route_n1,stop_05,0,11.4,8.3,2,2,0.05,0,20,0
route_n9,stop_05,22,10.6,2.9,2,2,0.05,1,13,0
route_n7,stop_08,22,14.7,0.9,0,1,0.22,0,52,1
route_n4,stop_04,1,13.7,13.9,2,2,0.04,0,37,1
route_n9,stop_06,21,14.2,4.8,0,0,0.32,3,76,2
route_n9,stop_09,4,9.9,1.5,1,2,0.07,0,43,1
route_n9,stop_05,3,18.4,9.4,2,2,0.05,0,49,1
route_n4,stop_04,1,25.0,24.9,2,2,0.04,0,52,1
route_n4,stop_07,0,17.0,9.3,1,2,0.09,1,42,1
route_n12,stop_11,3,16.2,1.6,0,1,0.19,1,83,2
route_n12,stop_04,22,14.9,5.2,2,2,0.04,1,11,0
route_n1,stop_05,21,14.6,7.9,2,2,0.05,1,18,0
route_n4,stop_04,22,15.9,10.2,2,2,0.04,1,13,0
route_n4,stop_10,2,14.9,15.5,0,0,0.28,1,96,2
route_n4,stop_04,21,8.8,1.1,2,2,0.04,0,5,0
route_n12,stop_04,0,17.1,12.9,2,2,0.04,0,32,0
route_n9,stop_09,5,16.8,7.4,1,2,0.07,0,26,0
route_n7,stop_07,3,11.1,0.4,1,2,0.09,2,59,1
route_n12,stop_11,0,20.7,5.5,0,1,0.19,1,69,2
route_n4,stop_10,21,12.5,2.6,0,0,0.28,3,83,2
route_n12,stop_04,2,26.4,17.3,2,2,0.04,0,45,1
route_n1,stop_04,0,13.4,2.5,2,2,0.04,0,20,0
route_n4,stop_02,21,18.7,5.8,2,1,0.14,0,34,0
route_n1,stop_04,21,14.9,15.9,2,2,0.04,0,10,0
route_n4,stop_07,4,10.3,10.4,1,2,0.09,0,54,1
route_n12,stop_11,1,32.6,39.7,0,1,0.19,0,96,2
route_n9,stop_09,2,31.1,48.0,1,2,0.07,0,79,2
route_n7,stop_03,3,15.9,0.2,1,2,0.06,0,46,1
route_n1,stop_02,0,14.4,10.1,2,1,0.14,2,56,1
route_n12,stop_11,0,14.0,5.5,0,1,0.19,1,65,2
route_n9,stop_05,23,20.5,20.4,2,2,0.05,0,36,1
route_n12,stop_11,23,13.5,3.0,0,1,0.19,1,72,2
route_n1,stop_02,23,27.7,41.2,2,1,0.14,3,79,2
route_n7,stop_04,2,18.5,14.8,2,2,0.04,3,48,1
route_n12,stop_04,0,28.3,16.4,2,2,0.04,0,27,0
route_n4,stop_07,3,7.1,1.4,1,2,0.09,1,56,1
route_n9,stop_12,23,10.6,2.1,1,2,0.06,0,25,0
route_n12,stop_04,0,27.6,14.8,2,2,0.04,0,24,0
route_n9,stop_06,0,7.9,0.2,0,0,0.32,4,94,2
route_n4,stop_07,0,22.6,17.7,1,2,0.09,1,48,1
route_n7,stop_07,1,17.0,0.2,1,2,0.09,0,55,1
route_n7,stop_03,22,19.1,7.0,1,2,0.06,0,22,0
route_n4,stop_02,0,12.1,4.7,2,1,0.14,1,40,1
route_n9,stop_09,21,13.1,6.1,1,2,0.07,0,23,0
route_n12,stop_11,23,24.7,12.4,0,1,0.19,1,77,2
route_n4,stop_07,0,13.4,4.4,1,2,0.09,0,36,1
route_n1,stop_02,1,11.5,1.8,2,1,0.14,1,56,1
route_n9,stop_12,5,10.3,0.5,1,2,0.06,0,11,0
route_n7,stop_08,0,14.2,9.2,0,1,0.22,2,73,2
route_n4,stop_10,1,13.2,11.5,0,0,0.28,1,96,2
route_n7,stop_07,0,13.2,14.1,1,2,0.09,0,40,1
route_n9,stop_05,0,11.6,7.4,2,2,0.05,1,24,0
route_n7,stop_08,21,20.2,3.6,0,1,0.22,2,66,2
route_n4,stop_02,22,16.8,3.3,2,1,0.14,2,29,0
route_n9,stop_06,23,7.7,0.3,0,0,0.32,0,80,2
route_n1,stop_01,23,14.9,4.3,1,2,0.08,2,42,1
route_n4,stop_04,21,21.7,24.2,2,2,0.04,0,18,0
route_n12,stop_04,22,30.9,13.4,2,2,0.04,1,20,0
route_n4,stop_04,22,15.5,2.6,2,2,0.04,0,6,0
route_n9,stop_09,5,15.5,5.8,1,2,0.07,0,17,0
route_n4,stop_02,23,14.8,19.5,2,1,0.14,1,51,1
route_n1,stop_05,0,8.9,6.1,2,2,0.05,3,26,0
route_n1,stop_01,22,4.6,0.1,1,2,0.08,0,17,0
route_n12,stop_11,0,22.2,0.8,0,1,0.19,2,77,2
route_n7,stop_03,22,14.5,4.6,1,2,0.06,0,20,0
route_n9,stop_06,22,23.0,22.7,0,0,0.32,3,90,2
route_n9,stop_09,0,14.0,12.3,1,2,0.07,1,41,1
route_n7,stop_04,21,20.0,0.5,2,2,0.04,1,8,0
route_n1,stop_02,21,6.2,1.4,2,1,0.14,0,25,0
route_n1,stop_09,22,9.9,9.6,1,2,0.07,0,22,0
route_n4,stop_04,21,14.9,12.0,2,2,0.04,0,18,0
route_n12,stop_07,21,18.8,6.2,1,2,0.09,3,39,1
route_n12,stop_04,23,19.6,10.8,2,2,0.04,0,25,0
route_n12,stop_11,2,22.9,0.4,0,1,0.19,1,87,2
route_n4,stop_02,0,14.5,18.3,2,1,0.14,3,55,1
route_n12,stop_07,0,21.8,16.1,1,2,0.09,0,43,1
route_n7,stop_08,22,20.8,1.9,0,1,0.22,1,56,1
route_n4,stop_02,4,10.0,8.0,2,1,0.14,1,62,1
route_n7,stop_07,23,22.6,2.5,1,2,0.09,0,41,1
route_n4,stop_04,21,18.0,0.3,2,2,0.04,0,9,0
route_n12,stop_07,0,11.5,2.3,1,2,0.09,0,36,1
route_n7,stop_07,21,12.4,1.3,1,2,0.09,0,23,0
route_n7,stop_04,23,14.8,4.3,2,2,0.04,0,22,0
route_n7,stop_04,0,21.4,5.6,2,2,0.04,0,19,0
route_n4,stop_04,3,17.6,11.1,2,2,0.04,0,47,1
route_n9,stop_05,0,15.0,6.7,2,2,0.05,0,29,0
route_n12,stop_07,1,24.6,4.9,1,2,0.09,0,53,1
route_n7,stop_08,5,9.3,0.2,0,1,0.22,0,49,1
route_n9,stop_05,21,16.8,6.0,2,2,0.05,0,12,0
route_n12,stop_11,22,23.0,3.3,0,1,0.19,3,66,2
route_n12,stop_04,23,20.9,3.7,2,2,0.04,0,21,0
route_n7,stop_08,23,29.2,21.0,0,1,0.22,2,82,2
route_n7,stop_08,23,23.7,14.3,0,1,0.22,1,79,2
route_n4,stop_04,4,13.5,12.7,2,2,0.04,0,43,1
route_n9,stop_06,1,14.3,10.7,0,0,0.32,1,96,2
route_n9,stop_09,0,11.3,1.5,1,2,0.07,0,33,0
route_n7,stop_04,23,13.3,12.4,2,2,0.04,0,23,0
route_n12,stop_04,2,27.6,3.6,2,2,0.04,0,43,1
route_n7,stop_04,5,10.9,3.8,2,2,0.04,0,7,0
route_n12,stop_07,2,22.0,1.0,1,2,0.09,2,56,1
route_n12,stop_07,21,22.6,11.3,1,2,0.09,2,34,0
route_n7,stop_04,0,8.4,1.4,2,2,0.04,1,15,0
route_n1,stop_02,21,18.9,15.2,2,1,0.14,1,36,1
route_n9,stop_09,22,19.8,13.0,1,2,0.07,0,29,0
route_n12,stop_11,21,20.1,4.1,0,1,0.19,2,62,1
route_n12,stop_07,0,18.8,14.2,1,2,0.09,1,50,1
route_n1,stop_04,1,11.6,15.1,2,2,0.04,0,40,1
route_n4,stop_07,21,14.6,10.6,1,2,0.09,0,27,0
route_n1,stop_02,23,9.2,5.9,2,1,0.14,0,41,1
route_n1,stop_01,23,15.5,16.0,1,2,0.08,1,52,1
route_n12,stop_04,23,29.0,6.5,2,2,0.04,0,26,0
route_n9,stop_06,21,19.0,18.4,0,0,0.32,2,84,2
route_n1,stop_01,23,15.3,6.9,1,2,0.08,0,39,1
route_n4,stop_04,1,17.7,9.7,2,2,0.04,0,47,1
route_n7,stop_07,21,18.6,10.0,1,2,0.09,0,25,0
route_n1,stop_04,21,16.7,11.2,2,2,0.04,0,15,0
route_n1,stop_01,23,12.1,8.4,1,2,0.08,1,44,1
route_n4,stop_07,4,16.9,1.3,1,2,0.09,1,57,1
route_n9,stop_12,1,12.5,9.8,1,2,0.06,1,56,1
route_n1,stop_02,1,24.9,48.0,2,1,0.14,0,78,2
route_n1,stop_01,23,18.0,14.5,1,2,0.08,1,44,1
route_n9,stop_06,0,18.7,17.3,0,0,0.32,2,96,2
route_n4,stop_04,21,16.7,0.2,2,2,0.04,1,13,0
route_n1,stop_04,0,15.6,6.6,2,2,0.04,0,23,0
route_n9,stop_05,4,8.7,6.8,2,2,0.05,2,42,1
route_n1,stop_02,0,16.4,18.4,2,1,0.14,1,52,1
route_n7,stop_03,3,13.4,0.8,1,2,0.06,1,54,1
route_n12,stop_07,1,32.2,29.9,1,2,0.09,0,70,2
route_n7,stop_03,21,21.5,5.2,1,2,0.06,0,20,0
route_n1,stop_02,4,7.6,1.4,2,1,0.14,0,51,1
route_n4,stop_10,21,13.7,2.5,0,0,0.28,0,73,2
route_n12,stop_11,0,23.1,3.4,0,1,0.19,1,66,2
route_n7,stop_04,22,11.5,4.9,2,2,0.04,0,5,0
route_n9,stop_09,21,14.3,0.3,1,2,0.07,0,24,0
route_n4,stop_10,23,14.0,1.8,0,0,0.28,1,87,2
route_n7,stop_08,22,26.1,10.9,0,1,0.22,2,69,2
route_n9,stop_06,0,9.7,1.5,0,0,0.32,0,79,2
route_n1,stop_04,0,6.6,2.8,2,2,0.04,0,20,0
route_n9,stop_09,21,12.4,3.9,1,2,0.07,0,21,0
route_n7,stop_04,21,10.7,4.7,2,2,0.04,0,5,0
route_n7,stop_03,0,28.0,15.0,1,2,0.06,1,51,1
route_n1,stop_01,23,7.3,6.2,1,2,0.08,0,34,0
route_n9,stop_12,1,23.3,24.3,1,2,0.06,0,61,1
route_n9,stop_12,1,17.1,15.0,1,2,0.06,1,58,1
route_n1,stop_09,3,8.6,1.9,1,2,0.07,1,44,1
route_n9,stop_09,1,7.2,2.7,1,2,0.07,2,56,1
route_n1,stop_04,23,12.5,6.0,2,2,0.04,0,22,0
route_n4,stop_02,1,16.2,7.9,2,1,0.14,1,60,1
route_n7,stop_04,22,15.2,8.8,2,2,0.04,1,18,0
route_n4,stop_10,23,20.5,9.0,0,0,0.28,0,82,2
route_n12,stop_04,2,17.6,7.7,2,2,0.04,0,37,1
route_n12,stop_04,23,17.9,1.9,2,2,0.04,0,17,0
route_n12,stop_11,2,20.4,4.0,0,1,0.19,1,85,2
route_n1,stop_05,2,10.8,13.4,2,2,0.05,0,41,1
route_n9,stop_09,3,18.9,8.6,1,2,0.07,0,55,1
route_n4,stop_02,4,12.4,4.7,2,1,0.14,3,64,1
route_n4,stop_04,23,7.7,1.9,2,2,0.04,0,14,0
route_n4,stop_10,23,15.2,11.3,0,0,0.28,1,96,2
route_n4,stop_02,0,21.2,19.9,2,1,0.14,0,57,1
route_n12,stop_04,23,19.5,3.1,2,2,0.04,0,22,0
route_n4,stop_04,0,17.1,7.0,2,2,0.04,0,20,0
route_n9,stop_06,1,25.2,48.0,0,0,0.32,1,96,2
route_n12,stop_04,1,16.6,6.3,2,2,0.04,0,33,0
route_n4,stop_10,23,19.6,9.4,0,0,0.28,1,90,2
route_n1,stop_04,22,5.5,0.6,2,2,0.04,0,5,0
route_n7,stop_04,23,24.2,9.7,2,2,0.04,0,22,0
route_n7,stop_08,22,9.1,0.6,0,1,0.22,1,53,1
route_n7,stop_03,3,39.2,48.0,1,2,0.06,0,75,2
route_n12,stop_11,23,20.7,13.1,0,1,0.19,4,85,2
route_n4,stop_04,22,17.4,10.1,2,2,0.04,0,12,0
route_n12,stop_07,21,14.9,7.9,1,2,0.09,2,29,0
route_n9,stop_06,1,11.7,13.9,0,0,0.32,2,96,2
route_n1,stop_04,0,8.9,6.2,2,2,0.04,0,19,0
route_n1,stop_05,23,13.8,20.3,2,2,0.05,0,32,0
route_n7,stop_03,21,20.3,20.4,1,2,0.06,0,30,0
route_n7,stop_04,23,18.1,7.2,2,2,0.04,1,29,0
route_n7,stop_07,23,27.5,27.9,1,2,0.09,0,52,1
route_n4,stop_07,1,21.0,13.7,1,2,0.09,0,59,1
route_n9,stop_12,0,15.7,8.0,1,2,0.06,0,40,1
route_n9,stop_05,23,14.5,6.3,2,2,0.05,0,18,0
route_n9,stop_06,22,10.4,1.5,0,0,0.32,1,72,2
route_n9,stop_12,5,10.5,0.0,1,2,0.06,0,23,0
route_n7,stop_08,23,14.9,2.9,0,1,0.22,1,69,2
route_n1,stop_04,1,16.5,11.1,2,2,0.04,0,31,0
route_n7,stop_04,22,12.2,3.1,2,2,0.04,1,9,0
route_n9,stop_12,0,7.9,6.2,1,2,0.06,1,37,1
route_n7,stop_03,21,27.5,25.6,1,2,0.06,1,29,0
route_n9,stop_05,0,9.4,4.5,2,2,0.05,0,24,0
route_n12,stop_07,5,26.6,3.9,1,2,0.09,2,29,0
route_n1,stop_04,23,12.8,1.5,2,2,0.04,0,20,0
route_n12,stop_07,21,10.5,0.3,1,2,0.09,0,18,0
route_n4,stop_02,21,11.2,9.7,2,1,0.14,2,31,0
route_n7,stop_03,23,18.4,8.8,1,2,0.06,0,33,0
route_n4,stop_04,22,17.0,9.3,2,2,0.04,0,8,0
route_n7,stop_04,21,12.1,1.1,2,2,0.04,0,9,0
route_n12,stop_04,1,27.2,13.2,2,2,0.04,0,44,1
route_n9,stop_12,23,13.0,3.0,1,2,0.06,1,34,0
route_n9,stop_06,22,9.6,1.7,0,0,0.32,0,66,2
route_n7,stop_07,4,7.9,0.1,1,2,0.09,0,51,1
route_n9,stop_09,21,13.9,0.9,1,2,0.07,0,24,0
route_n12,stop_07,5,13.8,2.4,1,2,0.09,0,25,0
route_n9,stop_05,23,14.9,1.3,2,2,0.05,0,21,0
route_n12,stop_07,3,35.8,48.0,1,2,0.09,0,80,2
route_n4,stop_02,0,14.4,3.8,2,1,0.14,0,34,0
route_n12,stop_07,2,25.6,2.2,1,2,0.09,0,52,1
route_n1,stop_09,5,12.8,1.4,1,2,0.07,0,17,0
route_n1,stop_01,22,10.2,5.8,1,2,0.08,1,18,0
route_n1,stop_01,5,6.5,0.4,1,2,0.08,2,28,0
route_n7,stop_07,23,27.4,20.6,1,2,0.09,1,47,1
route_n7,stop_03,23,27.6,33.9,1,2,0.06,0,56,1
route_n7,stop_04,23,11.5,2.9,2,2,0.04,0,22,0
route_n12,stop_11,0,27.8,6.2,0,1,0.19,1,75,2
route_n7,stop_04,22,10.5,0.1,2,2,0.04,0,7,0
route_n4,stop_07,0,10.5,10.6,1,2,0.09,0,35,1
route_n1,stop_05,0,6.9,5.6,2,2,0.05,1,30,0
route_n12,stop_04,2,22.2,4.9,2,2,0.04,0,39,1
route_n1,stop_01,2,11.9,3.6,1,2,0.08,0,50,1
route_n7,stop_03,23,16.6,11.0,1,2,0.06,0,35,1
route_n12,stop_11,23,17.0,5.6,0,1,0.19,2,70,2
route_n9,stop_12,22,9.6,1.3,1,2,0.06,1,23,0
route_n4,stop_04,22,17.2,7.6,2,2,0.04,1,14,0
route_n7,stop_08,21,10.5,5.4,0,1,0.22,2,58,1
route_n7,stop_03,23,29.6,20.3,1,2,0.06,0,40,1
route_n4,stop_10,22,9.0,0.8,0,0,0.28,0,63,1
route_n4,stop_07,5,22.0,10.0,1,2,0.09,0,31,0
route_n9,stop_12,0,11.9,11.6,1,2,0.06,0,34,0
route_n7,stop_04,23,19.6,1.3,2,2,0.04,0,19,0
route_n7,stop_08,0,15.8,12.3,0,1,0.22,1,80,2
route_n1,stop_09,21,6.7,3.8,1,2,0.07,0,15,0
route_n12,stop_04,23,36.8,30.2,2,2,0.04,0,37,1
route_n12,stop_04,0,25.1,1.6,2,2,0.04,0,19,0
route_n1,stop_04,0,12.4,10.7,2,2,0.04,1,32,0
route_n12,stop_04,23,23.6,5.0,2,2,0.04,0,30,0
route_n4,stop_07,5,20.8,20.4,1,2,0.09,1,38,1
route_n12,stop_11,3,26.8,6.2,0,1,0.19,1,92,2
route_n12,stop_04,0,28.3,34.1,2,2,0.04,0,37,1
route_n1,stop_02,0,18.9,24.1,2,1,0.14,0,57,1
route_n9,stop_12,0,12.0,3.3,1,2,0.06,0,33,0
route_n12,stop_11,22,19.6,10.6,0,1,0.19,0,60,1
route_n12,stop_04,23,44.2,48.0,2,2,0.04,0,50,1
route_n9,stop_09,21,8.0,1.9,1,2,0.07,0,17,0
route_n1,stop_09,23,8.2,6.0,1,2,0.07,0,39,1
route_n9,stop_09,0,14.7,7.6,1,2,0.07,0,37,1
route_n1,stop_05,22,11.3,2.3,2,2,0.05,0,11,0
route_n4,stop_10,5,8.4,0.1,0,0,0.28,0,68,2
route_n1,stop_04,4,8.7,1.6,2,2,0.04,0,31,0
route_n4,stop_07,1,19.4,5.2,1,2,0.09,0,50,1
route_n4,stop_02,0,11.4,6.1,2,1,0.14,2,46,1
route_n1,stop_02,3,11.7,2.9,2,1,0.14,1,55,1
route_n7,stop_08,21,24.0,13.4,0,1,0.22,2,64,1
route_n1,stop_01,2,16.1,19.0,1,2,0.08,0,63,1
route_n12,stop_11,21,26.1,0.6,0,1,0.19,0,51,1
route_n12,stop_11,2,28.8,16.4,0,1,0.19,1,95,2
route_n7,stop_04,22,17.1,6.9,2,2,0.04,0,11,0
route_n4,stop_07,3,32.0,48.0,1,2,0.09,0,76,2
route_n7,stop_07,4,17.9,0.0,1,2,0.09,0,54,1
route_n12,stop_04,22,20.4,1.9,2,2,0.04,0,5,0
route_n7,stop_04,23,31.6,27.3,2,2,0.04,0,38,1
route_n1,stop_09,5,14.7,17.5,1,2,0.07,1,32,0
route_n7,stop_08,0,17.3,13.3,0,1,0.22,1,75,2
route_n4,stop_02,3,17.6,22.6,2,1,0.14,0,61,1
route_n1,stop_09,0,5.2,1.0,1,2,0.07,0,33,0
route_n9,stop_06,23,8.9,7.5,0,0,0.32,2,95,2
route_n12,stop_11,22,25.3,1.7,0,1,0.19,1,55,1
route_n12,stop_04,22,21.7,1.3,2,2,0.04,0,10,0
route_n7,stop_04,2,27.8,25.9,2,2,0.04,0,52,1
route_n1,stop_05,23,10.6,1.5,2,2,0.05,0,14,0
route_n9,stop_05,0,17.2,6.6,2,2,0.05,0,20,0
route_n1,stop_01,0,20.4,29.0,1,2,0.08,0,53,1
route_n12,stop_07,0,25.5,2.1,1,2,0.09,0,37,1
route_n1,stop_01,3,26.9,48.0,1,2,0.08,0,74,2
route_n9,stop_12,5,28.8,33.6,1,2,0.06,2,43,1
route_n7,stop_04,23,21.3,8.4,2,2,0.04,0,22,0
